{
		"images" : [
			{
				"size" : "20x20",
				"idiom" : "iphone",
				"filename" : "icon-40.png",
				"scale" : "2x"
			},
			{
				"size" : "20x20",
				"idiom" : "iphone",
				"filename" : "icon-60.png",
				"scale" : "3x"
			},
			{
				"size" : "29x29",
				"idiom" : "iphone",
				"filename" : "icon-58.png",
				"scale" : "2x"
			},
			{
				"size" : "29x29",
				"idiom" : "iphone",
				"filename" : "icon-87.png",
				"scale" : "3x"
			},
			{
				"size" : "40x40",
				"idiom" : "iphone",
				"filename" : "icon-80.png",
				"scale" : "2x"
			},
			{
				"size" : "40x40",
				"idiom" : "iphone",
				"filename" : "icon-120.png",
				"scale" : "3x"
			},
			{
				"size" : "60x60",
				"idiom" : "iphone",
				"filename" : "icon-120.png",
				"scale" : "2x"
			},
			{
				"size" : "60x60",
				"idiom" : "iphone",
				"filename" : "icon-180.png",
				"scale" : "3x"
			},
			{
				"idiom" : "ipad",
				"size" : "20x20",
				"scale" : "1x"
			},
			{
				"size" : "20x20",
				"idiom" : "ipad",
				"filename" : "icon-40.png",
				"scale" : "2x"
			},
			{
				"idiom" : "ipad",
				"size" : "29x29",
				"scale" : "1x"
			},
			{
				"size" : "29x29",
				"idiom" : "ipad",
				"filename" : "icon-58.png",
				"scale" : "2x"
			},
			{
				"idiom" : "ipad",
				"size" : "40x40",
				"scale" : "1x"
			},
			{
				"size" : "40x40",
				"idiom" : "ipad",
				"filename" : "icon-80.png",
				"scale" : "2x"
			},
			{
				"idiom" : "ipad",
				"size" : "76x76",
                "filename" : "icon-76.png",
				"scale" : "1x"
			},
			{
				"size" : "76x76",
				"idiom" : "ipad",
				"filename" : "icon-152.png",
				"scale" : "2x"
			},
			{
				"size" : "83.5x83.5",
				"idiom" : "ipad",
				"filename" : "icon-167.png",
				"scale" : "2x"
			},
			{
				"size" : "1024x1024",
				"idiom" : "ios-marketing",
				"filename" : "icon-1024.jpg",
				"scale" : "1x"
			}
		],
		"info" : {
			"version" : 1,
			"author" : "xcode"
		}
	}
