﻿{
  "success": 1,
  "total": 40,
  "result": [
    {
      "ID": "709",
      "typeID": "14",
      "question": "Flash\u3001Ajax\u5404\u81ea\u7684\u4f18\u7f3a\u70b9\uff0c\u5728\u4f7f\u7528\u4e2d\u5982\u4f55\u53d6\u820d\uff1f",
      "answer": "Ajax\u7684\u4f18\u52bf\r\n\uff081\uff09 \u53ef\u641c\u7d22\u578b\r\n\uff082\uff09 \u5f00\u653e\u6027\r\n\uff083\uff09 \u8d39\u7528\r\n\uff084\uff09 \u6613\u7528\u6027\r\n\uff085\uff09 \u6613\u4e8e\u5f00\u53d1\r\nFlash\u7684\u4f18\u52bf\r\n\uff081\uff09 \u591a\u5a92\u4f53\u5904\u7406\r\n\uff082\uff09 \u517c\u5bb9\u6027\r\n\uff083\uff09 \u77e2\u91cf\u56fe\u5f62 \u6bd4SVG\uff0cCanvas\u4f18\u52bf\u5927\u5f88\u591a\r\n\uff084\uff09 \u5ba2\u6237\u7aef\u8d44\u6e90\u8c03\u5ea6\uff0c\u6bd4\u5982\u9ea6\u514b\u98ce\uff0c\u6444\u50cf\u5934",
      "title": "JavaScript"
    },
    {
      "ID": "708",
      "typeID": "14",
      "question": "\u5982\u4f55\u63a7\u5236\u7f51\u9875\u5728\u7f51\u7edc\u4f20\u8f93\u8fc7\u7a0b\u4e2d\u7684\u6570\u636e\u91cf\uff1f",
      "answer": "\u542f\u7528GZIP\u538b\u7f29\r\n\u4fdd\u6301\u826f\u597d\u7684\u7f16\u7a0b\u4e60\u60ef\uff0c\u907f\u514d\u91cd\u590d\u7684CSS\uff0cJavaScript\u4ee3\u7801\uff0c\u591a\u4f59\u7684HTML\u6807\u7b7e\u548c\u5c5e\u6027",
      "title": "JavaScript"
    },
    {
      "ID": "707",
      "typeID": "14",
      "question": "\u6d4f\u89c8\u5668\u7684\u5bf9\u8c61\u6a21\u578b\uff1f",
      "answer": "window\r\n\r\n\u9876\u7ea7\u5bf9\u8c61\r\n\r\nwindow.alert(msg)\r\n\r\nwindow.prompt()\r\n\r\nwindow.confirm()\r\n\r\nif(window.confirm()){\r\n\r\n...\r\n\r\n}\r\n\r\nwindow.open()\r\n\r\nwindow.close()\r\n\r\ndocument\r\n\r\ndocument.write()\r\n\r\nhistory\r\n\r\n\u5f53\u7528\u6237\u6d4f\u89c8\u7f51\u9875\u65f6\uff0c\u6d4f\u89c8\u5668\u4fdd\u5b58\u4e86\u4e00\u4e2a\u6700\u8fd1\u6240\u8bbf\u95ee\u7f51\u9875\u7684url\u5217\u8868\u3002\u8fd9\u4e2a\u5217\u8868\u5c31\u662f\u7528history\u5bf9\u8c61\u8868\u793a\u3002\r\n\r\nhistory.back():\u540e\u9000\r\n\r\nhistory.forward():\u524d\u8fdb\r\n\r\nhistory.go(n):\u6b63\u6570\u8868\u793a\u5411\u524d\uff0c\u8d1f\u6570\u8868\u793a\u5411\u540e\r\n\r\nlocation\r\n\r\n\u8868\u793a\u5f53\u524d\u6253\u5f00\u7684\u7a97\u53e3\u6216\u6846\u67b6\u7684URL\u4fe1\u606f\u3002\r\n\r\nlocation.href\uff1a\u91cd\u5b9a\u5411\r\n\r\n\u7b49\u4ef7\u4e8elocation.assign(url)\r\n\r\nlocation.host\uff1a\u7c7b\u4f3cwww.163.com:80\r\n\r\nnavigator\r\n\r\n\u8868\u793a\u6d4f\u89c8\u5668\u7684\u4fe1\u606f\u53cajs\u8fd0\u884c\u7684\u73af\u5883\r\n\r\nnavigator.cookieEnabled\uff1a\u8be5\u5c5e\u6027\u8868\u793a\u662f\u5426\u542f\u7528cookie\r\n\r\nscreen\r\n\r\n\u7528\u4e8e\u663e\u793a\u7f51\u9875\u7684\u663e\u793a\u5668\u7684\u5927\u5c0f\u548c\u989c\u8272\r\n\r\nscreen.width/screen.height\uff1a\u8868\u793a\u663e\u793a\u5668\u7684\u5206\u8fa8\u7387\uff08\u603b\u7684\u5bbd\u5ea6\uff0c\u9ad8\u5ea6\uff09",
      "title": "JavaScript"
    },
    {
      "ID": "706",
      "typeID": "14",
      "question": "\u5217\u4e3ejavaScript\u76843\u79cd\u4e3b\u8981\u6570\u636e\u7c7b\u578b\uff0c2\u79cd\u590d\u5408\u6570\u636e\u7c7b\u578b\u548c2\u79cd\u7279\u6b8a\u6570\u636e\u7c7b\u578b\u3002",
      "answer": "\u4e3b\u8981\u6570\u636e\u7c7b\u578b\uff1astring, boolean, number\r\n\r\n\u590d\u5408\u6570\u636e\u7c7b\u578b\uff1afunction, object",
      "title": "JavaScript"
    },
    {
      "ID": "705",
      "typeID": "14",
      "question": "js\u4e2d\u76843\u79cd\u5f39\u51fa\u5f0f\u6d88\u606f\u63d0\u9192\uff08\u8b66\u544a\u7a97\u53e3\uff0c\u786e\u8ba4\u7a97\u53e3\uff0c\u4fe1\u606f\u8f93\u5165\u7a97\u53e3\uff09\u7684\u547d\u4ee4\u5f0f\u4ec0\u4e48\uff1f",
      "answer": "alert\r\nconfirm\r\nprompt",
      "title": "JavaScript"
    },
    {
      "ID": "704",
      "typeID": "14",
      "question": "form\u4e2d\u7684input\u53ef\u4ee5\u8bbe\u7f6e\u4e3areadonly\u548cdisable\uff0c\u8bf7\u95ee2\u8005\u6709\u4ec0\u4e48\u533a\u522b\uff1f",
      "answer": "readonly\u4e0d\u53ef\u7f16\u8f91\uff0c\u4f46\u53ef\u4ee5\u9009\u62e9\u548c\u590d\u5236\uff1b\u503c\u53ef\u4ee5\u4f20\u9012\u5230\u540e\u53f0\r\ndisabled\u4e0d\u80fd\u7f16\u8f91\uff0c\u4e0d\u80fd\u590d\u5236\uff0c\u4e0d\u80fd\u9009\u62e9\uff1b\u503c\u4e0d\u53ef\u4ee5\u4f20\u9012\u5230\u540e\u53f0",
      "title": "JavaScript"
    },
    {
      "ID": "703",
      "typeID": "14",
      "question": "avascript\u600e\u6837\u9009\u4e2d\u4e00\u4e2acheckbox\uff0c\u600e\u6837\u8bbe\u7f6e\u5b83\u65e0\u6548\uff1f",
      "answer": "document.all.cb1[0].disabled = true;",
      "title": "JavaScript"
    },
    {
      "ID": "702",
      "typeID": "14",
      "question": "javascript\u662f\u9762\u5411\u5bf9\u8c61\u7684\uff0c\u600e\u4e48\u4f53\u73b0javascript\u7684\u7ee7\u627f\u5173\u7cfb\uff1f",
      "answer": "\u4f7f\u7528prototype\u6765\u5b9e\u73b0\u3002",
      "title": "JavaScript"
    },
    {
      "ID": "701",
      "typeID": "14",
      "question": "\uff08\u8bbe\u8ba1\u9898\uff09\u60f3\u5b9e\u73b0\u4e00\u4e2a\u5bf9\u9875\u9762\u67d0\u4e2a\u8282\u70b9\u7684\u62d6\u66f3\uff1f\u5982\u4f55\u505a\uff1f\uff08\u4f7f\u7528\u539f\u751fJS\uff09",
      "answer": "\u56de\u7b54\u51fa\u6982\u5ff5\u5373\u53ef\uff0c\u4e0b\u9762\u662f\u51e0\u4e2a\u8981\u70b9\r\n\r\n\u7ed9\u9700\u8981\u62d6\u62fd\u7684\u8282\u70b9\u7ed1\u5b9amousedown, mousemove, mouseup\u4e8b\u4ef6\r\nmousedown\u4e8b\u4ef6\u89e6\u53d1\u540e\uff0c\u5f00\u59cb\u62d6\u62fd\r\nmousemove\u65f6\uff0c\u9700\u8981\u901a\u8fc7event.clientX\u548cclientY\u83b7\u53d6\u62d6\u62fd\u4f4d\u7f6e\uff0c\u5e76\u5b9e\u65f6\u66f4\u65b0\u4f4d\u7f6e\r\nmouseup\u65f6\uff0c\u62d6\u62fd\u7ed3\u675f\r\n\u9700\u8981\u6ce8\u610f\u6d4f\u89c8\u5668\u8fb9\u754c\u7684\u60c5\u51b5",
      "title": "JavaScript"
    },
    {
      "ID": "700",
      "typeID": "14",
      "question": "\u5728Javascript\u4e2d\u4ec0\u4e48\u662f\u4f2a\u6570\u7ec4\uff1f\u5982\u4f55\u5c06\u4f2a\u6570\u7ec4\u8f6c\u5316\u4e3a\u6807\u51c6\u6570\u7ec4\uff1f",
      "answer": "\u4f2a\u6570\u7ec4\uff08\u7c7b\u6570\u7ec4\uff09\uff1a\u65e0\u6cd5\u76f4\u63a5\u8c03\u7528\u6570\u7ec4\u65b9\u6cd5\u6216\u671f\u671blength\u5c5e\u6027\u6709\u4ec0\u4e48\u7279\u6b8a\u7684\u884c\u4e3a\uff0c\u4f46\u4ecd\u53ef\u4ee5\u5bf9\u771f\u6b63\u6570\u7ec4\u904d\u5386\u65b9\u6cd5\u6765\u904d\u5386\u5b83\u4eec\u3002\u5178\u578b\u7684\u662f\u51fd\u6570\u7684argument\u53c2\u6570\uff0c\u8fd8\u6709\u50cf\u8c03\u7528getElementsByTagName,document.childNodes\u4e4b\u7c7b\u7684,\u5b83\u4eec\u90fd\u8fd4\u56deNodeList\u5bf9\u8c61\u90fd\u5c5e\u4e8e\u4f2a\u6570\u7ec4\u3002\u53ef\u4ee5\u4f7f\u7528Array.prototype.slice.call(fakeArray)\u5c06\u6570\u7ec4\u8f6c\u5316\u4e3a\u771f\u6b63\u7684Array\u5bf9\u8c61\u3002",
      "title": "JavaScript"
    },
    {
      "ID": "699",
      "typeID": "14",
      "question": "\u6b63\u5219\u8868\u8fbe\u5f0f\u6784\u9020\u51fd\u6570var reg=new RegExp(\u201cxxx\u201d)\u4e0e\u6b63\u5219\u8868\u8fbe\u5b57\u9762\u91cfvar reg=//\u6709\u4ec0\u4e48\u4e0d\u540c\uff1f\u5339\u914d\u90ae\u7bb1\u7684\u6b63\u5219\u8868\u8fbe\u5f0f\uff1f",
      "answer": "\u5f53\u4f7f\u7528RegExp()\u6784\u9020\u51fd\u6570\u7684\u65f6\u5019\uff0c\u4e0d\u4ec5\u9700\u8981\u8f6c\u4e49\u5f15\u53f7\uff08\u5373\u201d\u8868\u793a\u201d\uff09\uff0c\u5e76\u4e14\u8fd8\u9700\u8981\u53cc\u53cd\u659c\u6760\uff08\u5373\u8868\u793a\u4e00\u4e2a\uff09\u3002\u4f7f\u7528\u6b63\u5219\u8868\u8fbe\u5b57\u9762\u91cf\u7684\u6548\u7387\u66f4\u9ad8\u3002 \r\n\r\n\u90ae\u7bb1\u7684\u6b63\u5219\u5339\u914d\uff1a\r\nvar regMail = /^([a-zA-Z0-9_-])+@([a-zA-Z0-9_-])+((.[a-zA-Z0-9_-]{2,3}){1,2})$/;",
      "title": "JavaScript"
    },
    {
      "ID": "698",
      "typeID": "14",
      "question": "\u6709\u8fd9\u6837\u4e00\u4e2aURL\uff1ahttp://item.taobao.com/item.htm?a=1&b=2&c=&d=xxx&e\uff0c\u8bf7\u5199\u4e00\u6bb5JS\u7a0b\u5e8f\u63d0\u53d6URL\u4e2d\u7684\u5404\u4e2aGET\u53c2\u6570(\u53c2\u6570\u540d\u548c\u53c2\u6570\u4e2a\u6570\u4e0d\u786e\u5b9a)\uff0c\u5c06\u5176\u6309key-value\u5f62\u5f0f\u8fd4\u56de\u5230\u4e00\u4e2ajson\u7ed3\u6784\u4e2d\uff0c\u5982{a:\u20191\u2032, b:\u20192\u2032, c:\u201d, d:\u2019xxx\u2019, e:undefined}\u3002",
      "answer": "function serilizeUrl(url) {\r\n    var result = {};\r\n    url = url.split(\"?\")[1];\r\n    var map = url.split(\"&\");\r\n    for(var i = 0, len = map.length; i < len; i++) {\r\n        result<script>jQuery(function($) {$(\"#google-maps-1\").gMap({controls: false,scrollwheel: false,markers: [{address: \"\",icon: {image: \"http://blog.jobbole.com/wp-content/themes/jobboleblogv3/_assets/img/_colors/red/pin.png\",iconsize: [32, 32],iconanchor: [16,27],infowindowanchor: [16, 27]}}],address: \"\",zoom: 15,icon: {image: \"http://blog.jobbole.com/wp-content/themes/jobboleblogv3/_assets/img/_colors/red/pin.png\",iconsize: [32, 32],iconanchor: [16,27],infowindowanchor: [16, 27]}});});</script><div id=\"google-maps-1\" class=\"google-maps\" style=\"width: 100%; height: 200px;\"></div>.split(\"=\")[0]] = map[i].split(\"=\")[1];\r\n    }\r\n    return result;\r\n}",
      "title": "JavaScript"
    },
    {
      "ID": "697",
      "typeID": "14",
      "question": "\u600e\u6837\u6dfb\u52a0\u3001\u79fb\u9664\u3001\u79fb\u52a8\u3001\u590d\u5236\u3001\u521b\u5efa\u548c\u67e5\u627e\u8282\u70b9\uff08\u539f\u751fJS\uff0c\u5b9e\u5728\u57fa\u7840\uff0c\u6ca1\u7ec6\u5199\u6bcf\u4e00\u6b65\uff09",
      "answer": "1\uff09\u521b\u5efa\u65b0\u8282\u70b9\r\n\r\ncreateDocumentFragment()    //\u521b\u5efa\u4e00\u4e2aDOM\u7247\u6bb5\r\n\r\ncreateElement()   //\u521b\u5efa\u4e00\u4e2a\u5177\u4f53\u7684\u5143\u7d20\r\n\r\ncreateTextNode()   //\u521b\u5efa\u4e00\u4e2a\u6587\u672c\u8282\u70b9\r\n\r\n2\uff09\u6dfb\u52a0\u3001\u79fb\u9664\u3001\u66ff\u6362\u3001\u63d2\u5165\r\n\r\nappendChild()      //\u6dfb\u52a0\r\n\r\nremoveChild()      //\u79fb\u9664\r\n\r\nreplaceChild()      //\u66ff\u6362\r\n\r\ninsertBefore()      //\u63d2\u5165\r\n\r\n3\uff09\u67e5\u627e\r\n\r\ngetElementsByTagName()    //\u901a\u8fc7\u6807\u7b7e\u540d\u79f0\r\n\r\ngetElementsByName()     //\u901a\u8fc7\u5143\u7d20\u7684Name\u5c5e\u6027\u7684\u503c\r\n\r\ngetElementById()        //\u901a\u8fc7\u5143\u7d20Id\uff0c\u552f\u4e00\u6027\r\n",
      "title": "JavaScript"
    },
    {
      "ID": "696",
      "typeID": "14",
      "question": "\u7528js\u5b9e\u73b0\u968f\u673a\u9009\u53d610\u2013100\u4e4b\u95f4\u768410\u4e2a\u6570\u5b57\uff0c\u5b58\u5165\u4e00\u4e2a\u6570\u7ec4\uff0c\u5e76\u6392\u5e8f\u3002",
      "answer": "var iArray = []; \r\nfuntion getRandom(istart, iend){\r\n        var iChoice = istart - iend +1;\r\n        return Math.floor(Math.random() * iChoice + istart;\r\n}\r\nfor(var i=0; i<10; i++){\r\n        iArray.push(getRandom(10,100));\r\n}\r\niArray.sort();",
      "title": "JavaScript"
    },
    {
      "ID": "695",
      "typeID": "14",
      "question": "foo = foo||bar \uff0c\u8fd9\u884c\u4ee3\u7801\u662f\u4ec0\u4e48\u610f\u601d\uff1f\u4e3a\u4ec0\u4e48\u8981\u8fd9\u6837\u5199\uff1f",
      "answer": "if(!foo) foo = bar; //\u5982\u679cfoo\u5b58\u5728\uff0c\u503c\u4e0d\u53d8\uff0c\u5426\u5219\u628abar\u7684\u503c\u8d4b\u7ed9foo\u3002\r\n\r\n\u77ed\u8def\u8868\u8fbe\u5f0f\uff1a\u4f5c\u4e3a\u201d&&\u201d\u548c\u201d||\u201d\u64cd\u4f5c\u7b26\u7684\u64cd\u4f5c\u6570\u8868\u8fbe\u5f0f\uff0c\u8fd9\u4e9b\u8868\u8fbe\u5f0f\u5728\u8fdb\u884c\u6c42\u503c\u65f6\uff0c\u53ea\u8981\u6700\u7ec8\u7684\u7ed3\u679c\u5df2\u7ecf\u53ef\u4ee5\u786e\u5b9a\u662f\u771f\u6216\u5047\uff0c\u6c42\u503c\u8fc7\u7a0b\u4fbf\u544a\u7ec8\u6b62\uff0c\u8fd9\u79f0\u4e4b\u4e3a\u77ed\u8def\u6c42\u503c\u3002",
      "title": "JavaScript"
    },
    {
      "ID": "694",
      "typeID": "14",
      "question": "\u4e3a\u4e86\u4fdd\u8bc1\u9875\u9762\u8f93\u51fa\u5b89\u5168\uff0c\u6211\u4eec\u7ecf\u5e38\u9700\u8981\u5bf9\u4e00\u4e9b\u7279\u6b8a\u7684\u5b57\u7b26\u8fdb\u884c\u8f6c\u4e49\uff0c\u8bf7\u5199\u4e00\u4e2a\u51fd\u6570escapeHtml\uff0c\u5c06<, >, &, \u201c\u8fdb\u884c\u8f6c\u4e49",
      "answer": "function escapeHtml(str) {\r\nreturn str.replace(/[<>\u201d&]/g, function(match) {\r\n    switch (match) {\r\n                   case \u201c<\u201d:\r\n                      return \u201c&lt;\u201d;\r\n                   case \u201c>\u201d:\r\n                      return \u201c&gt;\u201d;\r\n                   case \u201c&\u201d:\r\n                      return \u201c&amp;\u201d;\r\n                   case \u201c\u201d\u201d:\r\n                      return \u201c&quot;\u201d;\r\n      }\r\n  });\r\n}",
      "title": "JavaScript"
    },
    {
      "ID": "693",
      "typeID": "14",
      "question": "\u5c06\u5b57\u7b26\u4e32\u201d<tr><td>{$id}</td><td>{$name}</td></tr>\u201d\u4e2d\u7684{$id}\u66ff\u6362\u621010\uff0c{$name}\u66ff\u6362\u6210Tony \uff08\u4f7f\u7528\u6b63\u5219\u8868\u8fbe\u5f0f\uff09",
      "answer": "\u201d<tr><td>{$id}</td><td>{$id}_{$name}</td></tr>\u201d.replace(/{$id}/g, \u201910\u2032).replace(/{$name}/g, \u2018Tony\u2019);",
      "title": "JavaScript"
    },
    {
      "ID": "692",
      "typeID": "14",
      "question": "\u4ec0\u4e48\u662fAjax\u548cJSON\uff0c\u5b83\u4eec\u7684\u4f18\u7f3a\u70b9\uff1f",
      "answer": "Ajax\u662f\u5f02\u6b65JavaScript\u548cXML\uff0c\u7528\u4e8e\u5728Web\u9875\u9762\u4e2d\u5b9e\u73b0\u5f02\u6b65\u6570\u636e\u4ea4\u4e92\u3002\r\n\r\n\u4f18\u70b9\uff1a\r\n\r\n\u3000\u53ef\u4ee5\u4f7f\u5f97\u9875\u9762\u4e0d\u91cd\u8f7d\u5168\u90e8\u5185\u5bb9\u7684\u60c5\u51b5\u4e0b\u52a0\u8f7d\u5c40\u90e8\u5185\u5bb9\uff0c\u964d\u4f4e\u6570\u636e\u4f20\u8f93\u91cf\r\n\u3000\u907f\u514d\u7528\u6237\u4e0d\u65ad\u5237\u65b0\u6216\u8005\u8df3\u8f6c\u9875\u9762\uff0c\u63d0\u9ad8\u7528\u6237\u4f53\u9a8c\r\n\u7f3a\u70b9\uff1a\r\n\r\n\u3000\u5bf9\u641c\u7d22\u5f15\u64ce\u4e0d\u53cb\u597d\uff08\r\n\u3000\u8981\u5b9e\u73b0ajax\u4e0b\u7684\u524d\u540e\u9000\u529f\u80fd\u6210\u672c\u8f83\u5927\r\n\u3000\u53ef\u80fd\u9020\u6210\u8bf7\u6c42\u6570\u7684\u589e\u52a0\r\n\u3000\u8de8\u57df\u95ee\u9898\u9650\u5236\r\nJSON\u662f\u4e00\u79cd\u8f7b\u91cf\u7ea7\u7684\u6570\u636e\u4ea4\u6362\u683c\u5f0f\uff0cECMA\u7684\u4e00\u4e2a\u5b50\u96c6\r\n\r\n\u4f18\u70b9\uff1a\u8f7b\u91cf\u7ea7\u3001\u6613\u4e8e\u4eba\u7684\u9605\u8bfb\u548c\u7f16\u5199\uff0c\u4fbf\u4e8e\u673a\u5668\uff08JavaScript\uff09\u89e3\u6790\uff0c\u652f\u6301\u590d\u5408\u6570\u636e\u7c7b\u578b\uff08\u6570\u7ec4\u3001\u5bf9\u8c61\u3001\u5b57\u7b26\u4e32\u3001\u6570\u5b57\uff09",
      "title": "JavaScript"
    },
    {
      "ID": "691",
      "typeID": "14",
      "question": "Javascript\u7684\u4e8b\u4ef6\u6d41\u6a21\u578b\u90fd\u6709\u4ec0\u4e48\uff1f",
      "answer": "\u4e8b\u4ef6\u5192\u6ce1\u201d\uff1a\u4e8b\u4ef6\u5f00\u59cb\u7531\u6700\u5177\u4f53\u7684\u5143\u7d20\u63a5\u53d7\uff0c\u7136\u540e\u9010\u7ea7\u5411\u4e0a\u4f20\u64ad\r\n\u201c\u4e8b\u4ef6\u6355\u6349\u201d\uff1a\u4e8b\u4ef6\u7531\u6700\u4e0d\u5177\u4f53\u7684\u8282\u70b9\u5148\u63a5\u6536\uff0c\u7136\u540e\u9010\u7ea7\u5411\u4e0b\uff0c\u4e00\u76f4\u5230\u6700\u5177\u4f53\u7684\r\n\u201cDOM\u4e8b\u4ef6\u6d41\u201d\uff1a\u4e09\u4e2a\u9636\u6bb5\uff1a\u4e8b\u4ef6\u6355\u6349\uff0c\u76ee\u6807\u9636\u6bb5\uff0c\u4e8b\u4ef6\u5192\u6ce1",
      "title": "JavaScript"
    },
    {
      "ID": "690",
      "typeID": "14",
      "question": "\u5f53\u4e00\u4e2aDOM\u8282\u70b9\u88ab\u70b9\u51fb\u65f6\u5019\uff0c\u6211\u4eec\u5e0c\u671b\u80fd\u591f\u6267\u884c\u4e00\u4e2a\u51fd\u6570\uff0c\u5e94\u8be5\u600e\u4e48\u505a\uff1f",
      "answer": "\u76f4\u63a5\u5728DOM\u91cc\u7ed1\u5b9a\u4e8b\u4ef6\uff1a<div onclick=\u201dtest()\u201d></div>\r\n \u5728JS\u91cc\u901a\u8fc7onclick\u7ed1\u5b9a\uff1axxx.onclick = test\r\n \u901a\u8fc7\u4e8b\u4ef6\u6dfb\u52a0\u8fdb\u884c\u7ed1\u5b9a\uff1aaddEventListener(xxx, \u2018click\u2019, test)",
      "title": "JavaScript"
    },
    {
      "ID": "689",
      "typeID": "14",
      "question": "\u8bbe\u7f6e\u4e00\u4e2a\u5df2\u77e5ID\u7684DIV\u7684html\u5185\u5bb9\u4e3axxxx\uff0c\u5b57\u4f53\u989c\u8272\u8bbe\u7f6e\u4e3a\u9ed1\u8272(\u4e0d\u4f7f\u7528\u7b2c\u4e09\u65b9\u6846\u67b6)",
      "answer": "var dom = document.getElementById(\u201cID\u201d);\r\ndom.innerHTML = \u201cxxxx\u201d\r\ndom.style.color = \u201c#000\u201d",
      "title": "JavaScript"
    },
    {
      "ID": "688",
      "typeID": "14",
      "question": "\u5e0c\u671b\u83b7\u53d6\u5230\u9875\u9762\u4e2d\u6240\u6709\u7684checkbox\u600e\u4e48\u505a\uff1f(\u4e0d\u4f7f\u7528\u7b2c\u4e09\u65b9\u6846\u67b6)",
      "answer": "var domList = document.getElementsByTagName(\u2018input\u2019)\r\nvar checkBoxList = [];\r\nvar len = domList.length;\u3000\u3000\r\n//\u7f13\u5b58\u5230\u5c40\u90e8\u53d8\u91cf\r\nwhile (len--) {\u3000\u3000\r\n//\u4f7f\u7528while\u7684\u6548\u7387\u4f1a\u6bd4for\u5faa\u73af\u66f4\u9ad8\r\n\u3000\u3000if (domList[len].type == \u2018checkbox\u2019) {\r\n    \u3000\u3000checkBoxList.push(domList[len]);\r\n\u3000\u3000}\r\n}",
      "title": "JavaScript"
    },
    {
      "ID": "687",
      "typeID": "14",
      "question": "\u5df2\u77e5ID\u7684Input\u8f93\u5165\u6846\uff0c\u5e0c\u671b\u83b7\u53d6\u8fd9\u4e2a\u8f93\u5165\u6846\u7684\u8f93\u5165\u503c\uff0c\u600e\u4e48\u505a\uff1f(\u4e0d\u4f7f\u7528\u7b2c\u4e09\u65b9\u6846\u67b6)",
      "answer": "document.getElementById(\u201cID\u201d).value",
      "title": "JavaScript"
    },
    {
      "ID": "686",
      "typeID": "14",
      "question": "JavaScript\u7684\u6570\u636e\u7c7b\u578b\u90fd\u6709\u4ec0\u4e48\uff1f",
      "answer": "\u57fa\u672c\u6570\u636e\u7c7b\u578b\uff1aString,boolean,Number,Undefined, Null\r\n\r\n\u5f15\u7528\u6570\u636e\u7c7b\u578b\uff1aObject(Array,Date,RegExp,Function)\r\n\r\n\u90a3\u4e48\u95ee\u9898\u6765\u4e86\uff0c\u5982\u4f55\u5224\u65ad\u67d0\u53d8\u91cf\u662f\u5426\u4e3a\u6570\u7ec4\u6570\u636e\u7c7b\u578b\uff1f\r\n\r\n\u65b9\u6cd5\u4e00.\u5224\u65ad\u5176\u662f\u5426\u5177\u6709\u201c\u6570\u7ec4\u6027\u8d28\u201d\uff0c\u5982slice()\u65b9\u6cd5\u3002\u53ef\u81ea\u5df1\u7ed9\u8be5\u53d8\u91cf\u5b9a\u4e49slice\u65b9\u6cd5\uff0c\u6545\u6709\u65f6\u4f1a\u5931\u6548\r\n\u65b9\u6cd5\u4e8c.obj instanceof Array \u5728\u67d0\u4e9bIE\u7248\u672c\u4e2d\u4e0d\u6b63\u786e\r\n\u65b9\u6cd5\u4e09.\u65b9\u6cd5\u4e00\u4e8c\u7686\u6709\u6f0f\u6d1e\uff0c\u5728ECMA Script5\u4e2d\u5b9a\u4e49\u4e86\u65b0\u65b9\u6cd5Array.isArray(), \u4fdd\u8bc1\u5176\u517c\u5bb9\u6027\uff0c\u6700\u597d\u7684\u65b9\u6cd5\u5982\u4e0b\uff1a\r\nif(typeof Array.isArray===\"undefined\")\r\n{\r\n  Array.isArray = function(arg){\r\n        return Object.prototype.toString.call(arg)===\"[object Array]\"\r\n    };  \r\n}",
      "title": "JavaScript"
    },
    {
      "ID": "685",
      "typeID": "14",
      "question": "\u8bf7\u5c3d\u53ef\u80fd\u8be6\u5c3d\u7684\u89e3\u91caAJAX\u7684\u5de5\u4f5c\u539f\u7406\uff1f",
      "answer": "\u521b\u5efaajax\u5bf9\u8c61\r\n\u5224\u65ad\u6570\u636e\u4f20\u8f93\u65b9\u5f0f(GET/POST)\r\n\u6253\u5f00\u94fe\u63a5 open()\r\n\u53d1\u9001 send()\r\n\u5f53ajax\u5bf9\u8c61\u5b8c\u6210\u7b2c\u56db\u6b65\uff08onreadystatechange\uff09\u6570\u636e\u63a5\u6536\u5b8c\u6210\uff0c\u5224\u65adhttp\u54cd\u5e94\u72b6\u6001\uff08status\uff09200-300\u4e4b\u95f4\u6216\u8005304\uff08\u7f13\u5b58\uff09\u6267\u884c\u56de\u8c03\u51fd\u6570",
      "title": "JavaScript"
    },
    {
      "ID": "684",
      "typeID": "14",
      "question": "\u4f60\u80fd\u89e3\u91ca\u4e00\u4e0bJavaScript\u4e2d\u7684\u7ee7\u627f\u662f\u5982\u4f55\u5de5\u4f5c\u7684\u5417\uff1f",
      "answer": "\u5b50\u6784\u9020\u51fd\u6570\u4e2d\u6267\u884c\u7236\u6784\u9020\u51fd\u6570\uff0c\u5e76\u7528callapply\u6539\u53d8this\r\n\u514b\u9686\u7236\u6784\u9020\u51fd\u6570\u539f\u578b\u4e0a\u7684\u65b9\u6cd5",
      "title": "JavaScript"
    },
    {
      "ID": "683",
      "typeID": "14",
      "question": "\u4f60\u5982\u4f55\u4f18\u5316\u81ea\u5df1\u7684\u4ee3\u7801\uff1f",
      "answer": "\u4ee3\u7801\u91cd\u7528\r\n\u907f\u514d\u5168\u5c40\u53d8\u91cf\uff08\u547d\u540d\u7a7a\u95f4\uff0c\u5c01\u95ed\u7a7a\u95f4\uff0c\u6a21\u5757\u5316mvc..\uff09\r\n\u62c6\u5206\u51fd\u6570\u907f\u514d\u51fd\u6570\u8fc7\u4e8e\u81c3\u80bf\r\n\u6ce8\u91ca",
      "title": "JavaScript"
    },
    {
      "ID": "682",
      "typeID": "14",
      "question": "\u4f60\u5982\u4f55\u7ec4\u7ec7\u81ea\u5df1\u7684\u4ee3\u7801\uff1f\u662f\u4f7f\u7528\u6a21\u5757\u6a21\u5f0f\uff0c\u8fd8\u662f\u4f7f\u7528\u7ecf\u5178\u7ee7\u627f\u7684\u65b9\u6cd5\uff1f",
      "answer": "\u5bf9\u5185\uff1a\u6a21\u5757\u6a21\u5f0f\r\n\u5bf9\u5916\uff1a\u7ee7\u627f",
      "title": "JavaScript"
    },
    {
      "ID": "681",
      "typeID": "14",
      "question": "\u8bf7\u89e3\u91ca\u4ec0\u4e48\u662fJavascript\u7684\u6a21\u5757\u6a21\u5f0f\uff0c\u5e76\u4e3e\u51fa\u5b9e\u7528\u5b9e\u4f8b\u3002",
      "answer": "s\u6a21\u5757\u5316mvc\uff08\u6570\u636e\u5c42\u3001\u8868\u73b0\u5c42\u3001\u63a7\u5236\u5c42\uff09\r\nseajs\r\n\u547d\u540d\u7a7a\u95f4",
      "title": "JavaScript"
    },
    {
      "ID": "680",
      "typeID": "14",
      "question": "\u89e3\u91ca\u95ed\u5305\uff1f",
      "answer": "\u51fd\u6570\u80fd\u88ab\u5916\u90e8\u8c03\u7528\u5230\uff0c\u5219\u8be5\u4f5c\u7528\u8fde\u4e0a\u7684\u6240\u6709\u53d8\u91cf\u90fd\u4f1a\u88ab\u4fdd\u5b58\u4e0b\u6765\u3002",
      "title": "JavaScript"
    },
    {
      "ID": "679",
      "typeID": "14",
      "question": "\u89e3\u91ca\u54c8\u5e0c\u8868\uff1f",
      "answer": "\u5177\u6709\u6563\u5217\uff08\u6620\u5c04\uff09\u7279\u6027\u7684\u6570\u636e\u6a21\u578b",
      "title": "JavaScript"
    },
    {
      "ID": "678",
      "typeID": "14",
      "question": "\u4f60\u4f7f\u7528\u8fc7\u90a3\u4e9bJavascript\u5e93\uff1f",
      "answer": "jquery\r\nseajs \r\nyui",
      "title": "JavaScript"
    },
    {
      "ID": "677",
      "typeID": "14",
      "question": "\u6d4f\u89c8\u5668\u6807\u51c6\u6a21\u5f0f\u548c\u602a\u5f02\u6a21\u5f0f\u4e4b\u95f4\u7684\u533a\u522b\u662f\u4ec0\u4e48\uff1f",
      "answer": "\u76d2\u6a21\u578b\u89e3\u91ca\u4e0d\u540c",
      "title": "JavaScript"
    },
    {
      "ID": "676",
      "typeID": "14",
      "question": "\u6587\u6863\u7c7b\u578b\u7684\u4f5c\u7528\u662f\u4ec0\u4e48\uff1f\u4f60\u77e5\u9053\u591a\u5c11\u79cd\u6587\u6863\u7c7b\u578b\uff1f",
      "answer": "\u5f71\u54cd\u6d4f\u89c8\u5668\u5bf9html\u4ee3\u7801\u7684\u7f16\u8bd1\u6e32\u67d3\r\nhtml2.0\r\nxHtml\r\nhtml5",
      "title": "JavaScript"
    },
    {
      "ID": "675",
      "typeID": "14",
      "question": "\u4ec0\u4e48\u662fFOUC\uff1f\u4f60\u5982\u4f55\u6765\u907f\u514dFOUC\uff1f",
      "answer": "\u7531\u4e8ecss\u5f15\u5165\u4f7f\u7528\u4e86@import \u6216\u8005\u5b58\u5728\u591a\u4e2astyle\u6807\u7b7e\u4ee5\u53cacss\u6587\u4ef6\u5728\u9875\u9762\u5e95\u90e8\u5f15\u5165\u4f7f\u5f97css\u6587\u4ef6\u52a0\u8f7d\u5728html\u4e4b\u540e\u5bfc\u81f4\u9875\u9762\u95ea\u70c1\u3001\u82b1\u5c4f\r\n\u7528link\u52a0\u8f7dcss\u6587\u4ef6\uff0c\u653e\u5728head\u6807\u7b7e\u91cc\u9762",
      "title": "JavaScript"
    },
    {
      "ID": "674",
      "typeID": "14",
      "question": "\u8bf7\u8bf4\u51fa\u4e09\u79cd\u51cf\u4f4e\u9875\u9762\u52a0\u8f7d\u65f6\u95f4\u7684\u65b9\u6cd5\uff1f",
      "answer": "1\u3001\u538b\u7f29css\u3001js\u6587\u4ef6\r\n2\u3001\u5408\u5e76js\u3001css\u6587\u4ef6\uff0c\u51cf\u5c11http\u8bf7\u6c42\r\n3\u3001\u5916\u90e8js\u3001css\u6587\u4ef6\u653e\u5728\u6700\u5e95\u4e0b\r\n4\u3001\u51cf\u5c11dom\u64cd\u4f5c\uff0c\u5c3d\u53ef\u80fd\u7528\u53d8\u91cf\u66ff\u4ee3\u4e0d\u5fc5\u8981\u7684dom\u64cd\u4f5c",
      "title": "JavaScript"
    },
    {
      "ID": "673",
      "typeID": "14",
      "question": "\u4e3a\u4ec0\u4e48\u5229\u7528\u591a\u4e2a\u57df\u540d\u6765\u5b58\u50a8\u7f51\u7ad9\u8d44\u6e90\u4f1a\u66f4\u6709\u6548\uff1f",
      "answer": "\u786e\u4fdd\u7528\u6237\u5728\u4e0d\u540c\u5730\u533a\u80fd\u7528\u6700\u5feb\u7684\u901f\u5ea6\u6253\u5f00\u7f51\u7ad9\uff0c\u5176\u4e2d\u67d0\u4e2a\u57df\u540d\u5d29\u6e83\u7528\u6237\u4e5f\u80fd\u901a\u8fc7\u5176\u4ed6\u90c1\u95f7\u8bbf\u95ee\u7f51\u7ad9",
      "title": "JavaScript"
    },
    {
      "ID": "672",
      "typeID": "14",
      "question": "\u8bf7\u89e3\u91ca\u4e00\u4e0b\u4ec0\u4e48\u662f\u8bed\u4e49\u5316\u7684HTML\uff1f",
      "answer": "\u5185\u5bb9\u4f7f\u7528\u7279\u5b9a\u6807\u7b7e\uff0c\u901a\u8fc7\u6807\u7b7e\u5c31\u80fd\u5927\u6982\u4e86\u89e3\u6574\u4f53\u9875\u9762\u7684\u5e03\u5c40\u5206\u5e03",
      "title": "JavaScript"
    },
    {
      "ID": "671",
      "typeID": "14",
      "question": "\u5199\u51fa3\u4e2a\u4f7f\u7528this\u7684\u5178\u578b\u5e94\u7528\uff1f",
      "answer": "\u4e8b\u4ef6\uff1a \u5982onclick  this->\u53d1\u751f\u4e8b\u4ef6\u7684\u5bf9\u8c61\r\n\u6784\u9020\u51fd\u6570          this->new \u51fa\u6765\u7684object\r\ncall/apply        \u6539\u53d8this",
      "title": "JavaScript"
    },
    {
      "ID": "670",
      "typeID": "14",
      "question": "\u89c4\u907fjavascript\u591a\u4eba\u5f00\u53d1\u51fd\u6570\u91cd\u540d\u95ee\u9898\uff1f",
      "answer": "\u547d\u540d\u7a7a\u95f4\r\n\u5c01\u95ed\u7a7a\u95f4\r\njs\u6a21\u5757\u5316mvc\uff08\u6570\u636e\u5c42\u3001\u8868\u73b0\u5c42\u3001\u63a7\u5236\u5c42\uff09\r\nseajs\r\n\u53d8\u91cf\u8f6c\u6362\u6210\u5bf9\u8c61\u7684\u5c5e\u6027\r\n\u5bf9\u8c61\u5316",
      "title": "JavaScript"
    }
  ]
}