﻿{
  "success": 1,
  "total": 83,
  "result": [
    {
      "ID": "237",
      "openid": null,
      "addtime": "2017-04-07 16:20:56",
      "loader": "Angelo_Mao",
      "company": "\u901a\u8054\u6570\u636e\u80a1\u4efd\u516c\u53f8",
      "pic": "http://api.codertopic.com/itapi/admin/uploadpic/uploadimages/1491553256up.png",
      "pictype": "Java",
      "approve": "1",
      "reply": "\u65e0",
      "title": "PictureQuestion"
    },
    {
      "ID": "236",
      "openid": null,
      "addtime": "2017-03-29 15:55:37",
      "loader": "\u4e5f\u8bb8\u5c31\u662f\u5982\u6b64",
      "company": "\u4e50\u4eab",
      "pic": "http://api.codertopic.com/itapi/admin/uploadpic/uploadimages/1490774137up.png",
      "pictype": "Object-C",
      "approve": "1",
      "reply": "\u65e0",
      "title": "PictureQuestion"
    },
    {
      "ID": "235",
      "openid": null,
      "addtime": "2017-03-23 00:23:37",
      "loader": "Z",
      "company": "\u91cf\u5b50\u4f1f\u4e1a",
      "pic": "http://api.codertopic.com/itapi/admin/uploadpic/uploadimages/1490199817up.png",
      "pictype": "Java",
      "approve": "1",
      "reply": "\u65e0",
      "title": "PictureQuestion"
    },
    {
      "ID": "234",
      "openid": null,
      "addtime": "2017-03-23 00:23:14",
      "loader": "Z",
      "company": "\u91cf\u5b50\u4f1f\u4e1a",
      "pic": "http://api.codertopic.com/itapi/admin/uploadpic/uploadimages/1490199794up.png",
      "pictype": "Java",
      "approve": "1",
      "reply": "\u65e0",
      "title": "PictureQuestion"
    },
    {
      "ID": "231",
      "openid": null,
      "addtime": "2017-03-19 13:14:11",
      "loader": "\u610f\u5916\u3001",
      "company": "\u65b0\u65b0\u8d37",
      "pic": "http://api.codertopic.com/itapi/admin/uploadpic/uploadimages/1489900451up.png",
      "pictype": "Java",
      "approve": "1",
      "reply": "\u65e0",
      "title": "PictureQuestion"
    },
    {
      "ID": "230",
      "openid": null,
      "addtime": "2017-03-16 11:02:02",
      "loader": "\u594b\u6597",
      "company": "\u5317\u4eac\u805a\u53cb\u5927\u9053\u79d1\u6280\u53d1\u5c55\u6709\u9650\u516c\u53f8",
      "pic": "http://api.codertopic.com/itapi/admin/uploadpic/uploadimages/1489633322up.png",
      "pictype": "Java",
      "approve": "1",
      "reply": "\u65e0",
      "title": "PictureQuestion"
    },
    {
      "ID": "229",
      "openid": null,
      "addtime": "2017-03-14 17:18:44",
      "loader": "\u5e93\u6bd4\u63d0\u8bfa",
      "company": "\u5317\u4eac\u91d1\u6d77\u660e\u5929\u8f6f\u4ef6",
      "pic": "http://api.codertopic.com/itapi/admin/uploadpic/uploadimages/1489483124up.png",
      "pictype": "Object-C",
      "approve": "1",
      "reply": "\u65e0",
      "title": "PictureQuestion"
    },
    {
      "ID": "228",
      "openid": null,
      "addtime": "2017-03-13 11:28:37",
      "loader": "\u4e28\u6587\u82e5",
      "company": "\u6df1\u5733\u5965\u7edf\u5e73\u6280\u672f\u6709\u9650\u516c\u53f8",
      "pic": "http://api.codertopic.com/itapi/admin/uploadpic/uploadimages/1489375717up.png",
      "pictype": "Java",
      "approve": "1",
      "reply": "\u65e0",
      "title": "PictureQuestion"
    },
    {
      "ID": "227",
      "openid": null,
      "addtime": "2017-03-13 11:28:03",
      "loader": "\u4e28\u6587\u82e5",
      "company": "\u6df1\u5733\u827e\u80af\u9ea6\u5ba2",
      "pic": "http://api.codertopic.com/itapi/admin/uploadpic/uploadimages/1489375683up.png",
      "pictype": "Java",
      "approve": "1",
      "reply": "\u65e0",
      "title": "PictureQuestion"
    },
    {
      "ID": "226",
      "openid": null,
      "addtime": "2017-03-06 13:46:53",
      "loader": "loard_Rambo",
      "company": "\u5317\u4eac\u96c6\u4fe1\u901a",
      "pic": "http://api.codertopic.com/itapi/admin/uploadpic/uploadimages/1488779213up.png",
      "pictype": "Java",
      "approve": "1",
      "reply": "\u65e0",
      "title": "PictureQuestion"
    },
    {
      "ID": "225",
      "openid": null,
      "addtime": "2017-03-01 23:09:58",
      "loader": "felix",
      "company": "\u7ea2\u661f\u7f8e\u51ef\u9f99",
      "pic": "http://api.codertopic.com/itapi/admin/uploadpic/uploadimages/1488380998up.png",
      "pictype": "Object-C",
      "approve": "1",
      "reply": "\u65e0",
      "title": "PictureQuestion"
    },
    {
      "ID": "224",
      "openid": null,
      "addtime": "2017-02-28 08:02:48",
      "loader": "\u843d\u53f6\u6211\u540d",
      "company": "\u5317\u4eac\u5f8b\u5b9d\u4fe1\u606f\u79d1\u6280\u6709\u9650\u516c\u53f8",
      "pic": "http://api.codertopic.com/itapi/admin/uploadpic/uploadimages/1488240168up.png",
      "pictype": "Java",
      "approve": "1",
      "reply": "\u65e0",
      "title": "PictureQuestion"
    },
    {
      "ID": "222",
      "openid": null,
      "addtime": "2017-02-27 22:30:54",
      "loader": "-_-",
      "company": "\u540c\u884c\u8005",
      "pic": "http://api.codertopic.com/itapi/admin/uploadpic/uploadimages/1488205854up.png",
      "pictype": "Java",
      "approve": "1",
      "reply": "\u65e0",
      "title": "PictureQuestion"
    },
    {
      "ID": "221",
      "openid": null,
      "addtime": "2017-02-25 07:33:13",
      "loader": "\u4e00\u9897\u7cd6",
      "company": "\u65b0\u60a6\u5728\u7ebf",
      "pic": "http://api.codertopic.com/itapi/admin/uploadpic/uploadimages/1487979193up.png",
      "pictype": "Java",
      "approve": "1",
      "reply": "\u65e0",
      "title": "PictureQuestion"
    },
    {
      "ID": "220",
      "openid": null,
      "addtime": "2017-02-24 13:21:33",
      "loader": "\u4fde",
      "company": "\u5317\u4eac\u6d77\u5cf0\u79d1\u6280\u6709\u9650\u516c\u53f8",
      "pic": "http://api.codertopic.com/itapi/admin/uploadpic/uploadimages/1487913693up.png",
      "pictype": "Java",
      "approve": "1",
      "reply": "\u65e0",
      "title": "PictureQuestion"
    },
    {
      "ID": "219",
      "openid": null,
      "addtime": "2017-02-21 15:57:02",
      "loader": "\u8349\u539f\u72fc",
      "company": "\u6b66\u6c49\u5927\u5de5\u5c39",
      "pic": "http://api.codertopic.com/itapi/admin/uploadpic/uploadimages/1487663822up.png",
      "pictype": "Java",
      "approve": "1",
      "reply": "\u65e0",
      "title": "PictureQuestion"
    },
    {
      "ID": "218",
      "openid": null,
      "addtime": "2017-02-20 13:51:40",
      "loader": "\u5904\u4e4b\u6de1\u7136\u5b89\u4e4b\u82e5\u7d20",
      "company": "XSKY",
      "pic": "http://api.codertopic.com/itapi/admin/uploadpic/uploadimages/1487569900up.png",
      "pictype": "JavaScript",
      "approve": "1",
      "reply": "\u65e0",
      "title": "PictureQuestion"
    },
    {
      "ID": "217",
      "openid": null,
      "addtime": "2017-02-20 13:51:19",
      "loader": "\u5904\u4e4b\u6de1\u7136\u5b89\u4e4b\u82e5\u7d20",
      "company": "XSKY",
      "pic": "http://api.codertopic.com/itapi/admin/uploadpic/uploadimages/1487569879up.png",
      "pictype": "JavaScript",
      "approve": "1",
      "reply": "\u65e0",
      "title": "PictureQuestion"
    },
    {
      "ID": "216",
      "openid": null,
      "addtime": "2017-02-18 13:56:24",
      "loader": "\u5f8b\u5df1",
      "company": "\u676d\u5dde\u4e0a\u8d24\u7f51\u7edc\u79d1\u6280\u6709\u9650\u516c\u53f8",
      "pic": "http://api.codertopic.com/itapi/admin/uploadpic/uploadimages/1487397384up.png",
      "pictype": "Object-C",
      "approve": "1",
      "reply": "\u65e0",
      "title": "PictureQuestion"
    },
    {
      "ID": "215",
      "openid": null,
      "addtime": "2017-02-18 13:21:30",
      "loader": "\u8fd9\u5c0f\u5b50",
      "company": "\u4e2d\u5174\u8f6f\u521b",
      "pic": "http://api.codertopic.com/itapi/admin/uploadpic/uploadimages/1487395290up.png",
      "pictype": "Object-C",
      "approve": "1",
      "reply": "\u65e0",
      "title": "PictureQuestion"
    },
    {
      "ID": "214",
      "openid": null,
      "addtime": "2017-02-14 12:33:43",
      "loader": "\u820d\u6211\u5176\u8c01",
      "company": "\u4e2d\u8f6f",
      "pic": "http://api.codertopic.com/itapi/admin/uploadpic/uploadimages/1487046823up.png",
      "pictype": "JavaScript",
      "approve": "1",
      "reply": "\u65e0",
      "title": "PictureQuestion"
    },
    {
      "ID": "213",
      "openid": null,
      "addtime": "2017-02-14 00:27:50",
      "loader": "Pabo\uff07",
      "company": "\u8f6f\u901a\u52a8\u529b",
      "pic": "http://api.codertopic.com/itapi/admin/uploadpic/uploadimages/1487003270up.png",
      "pictype": "Java",
      "approve": "1",
      "reply": "\u65e0",
      "title": "PictureQuestion"
    },
    {
      "ID": "212",
      "openid": null,
      "addtime": "2017-02-13 17:51:55",
      "loader": "\u6708\u843d\u4e4c\u557c",
      "company": "\u5317\u4eac\u5b8f\u7ecf\u7eac\u4e1a",
      "pic": "http://api.codertopic.com/itapi/admin/uploadpic/uploadimages/1486979515up.png",
      "pictype": "Object-C",
      "approve": "1",
      "reply": "\u65e0",
      "title": "PictureQuestion"
    },
    {
      "ID": "210",
      "openid": null,
      "addtime": "2017-02-09 10:05:46",
      "loader": "\u8096\u7ea2\u5175",
      "company": "\u4f20\u4fe1",
      "pic": "http://api.codertopic.com/itapi/admin/uploadpic/uploadimages/1486605946up.png",
      "pictype": "Object-C",
      "approve": "1",
      "reply": "\u65e0",
      "title": "PictureQuestion"
    },
    {
      "ID": "209",
      "openid": null,
      "addtime": "2017-02-09 10:05:30",
      "loader": "\u8096\u7ea2\u5175",
      "company": "\u4f20\u4fe1",
      "pic": "http://api.codertopic.com/itapi/admin/uploadpic/uploadimages/1486605930up.png",
      "pictype": "Object-C",
      "approve": "1",
      "reply": "\u65e0",
      "title": "PictureQuestion"
    },
    {
      "ID": "208",
      "openid": null,
      "addtime": "2017-02-09 10:04:29",
      "loader": "\u8096\u7ea2\u5175",
      "company": "\u6df1\u5733\u5e02\u5929\u745e\u5730\u5b89",
      "pic": "http://api.codertopic.com/itapi/admin/uploadpic/uploadimages/1486605869up.png",
      "pictype": "Object-C",
      "approve": "1",
      "reply": "\u65e0",
      "title": "PictureQuestion"
    },
    {
      "ID": "207",
      "openid": null,
      "addtime": "2017-02-09 10:03:50",
      "loader": "\u8096\u7ea2\u5175",
      "company": "\u6df1\u5733\u89d2\u9a6c\u79d1\u6280",
      "pic": "http://api.codertopic.com/itapi/admin/uploadpic/uploadimages/1486605830up.png",
      "pictype": "Object-C",
      "approve": "1",
      "reply": "\u65e0",
      "title": "PictureQuestion"
    },
    {
      "ID": "205",
      "openid": null,
      "addtime": "2016-11-16 00:01:58",
      "loader": "\u56e2\u957f",
      "company": "\u6781\u8054\u79d1\u6280",
      "pic": "http://api.codertopic.com/itapi/admin/uploadpic/uploadimages/1479225718up.png",
      "pictype": "Object-C",
      "approve": "1",
      "reply": "\u65e0",
      "title": "PictureQuestion"
    },
    {
      "ID": "204",
      "openid": null,
      "addtime": "2016-11-14 11:58:53",
      "loader": "\u590f\u65e5\u7684\u96e8",
      "company": "\u8fea\u8499",
      "pic": "http://api.codertopic.com/itapi/admin/uploadpic/uploadimages/1479095933up.png",
      "pictype": "Object-C",
      "approve": "1",
      "reply": "\u65e0",
      "title": "PictureQuestion"
    },
    {
      "ID": "203",
      "openid": null,
      "addtime": "2016-10-31 22:52:48",
      "loader": "clown",
      "company": "\u4e2d\u8f6f",
      "pic": "http://api.codertopic.com/itapi/admin/uploadpic/uploadimages/1477925568up.png",
      "pictype": "PHP",
      "approve": "1",
      "reply": "\u65e0",
      "title": "PictureQuestion"
    },
    {
      "ID": "202",
      "openid": null,
      "addtime": "2016-10-31 22:52:17",
      "loader": "clown",
      "company": "\u4e2d\u8f6f",
      "pic": "http://api.codertopic.com/itapi/admin/uploadpic/uploadimages/1477925537up.png",
      "pictype": "PHP",
      "approve": "1",
      "reply": "\u65e0",
      "title": "PictureQuestion"
    },
    {
      "ID": "200",
      "openid": null,
      "addtime": "2016-10-20 15:57:35",
      "loader": "\u6768\u8c46\u8c46",
      "company": "\u51ef\u6377",
      "pic": "http://api.codertopic.com/itapi/admin/uploadpic/uploadimages/1476950255up.png",
      "pictype": "Java",
      "approve": "1",
      "reply": "\u65e0",
      "title": "PictureQuestion"
    },
    {
      "ID": "199",
      "openid": null,
      "addtime": "2016-10-20 15:57:14",
      "loader": "\u6768\u8c46\u8c46",
      "company": "\u51ef\u6377",
      "pic": "http://api.codertopic.com/itapi/admin/uploadpic/uploadimages/1476950234up.png",
      "pictype": "Java",
      "approve": "1",
      "reply": "\u65e0",
      "title": "PictureQuestion"
    },
    {
      "ID": "198",
      "openid": null,
      "addtime": "2016-10-18 16:15:38",
      "loader": "\u6768\u8c46\u8c46",
      "company": "\u5929\u6d25\u795e\u821f\u6d69\u5929\u79d1\u6280",
      "pic": "http://api.codertopic.com/itapi/admin/uploadpic/uploadimages/1476778538up.png",
      "pictype": "Java",
      "approve": "1",
      "reply": "\u65e0",
      "title": "PictureQuestion"
    },
    {
      "ID": "197",
      "openid": null,
      "addtime": "2016-10-18 16:15:06",
      "loader": "\u6768\u8c46\u8c46",
      "company": "\u5929\u6d25\u795e\u821f\u6d69\u5929\u79d1\u6280",
      "pic": "http://api.codertopic.com/itapi/admin/uploadpic/uploadimages/1476778506up.png",
      "pictype": "Java",
      "approve": "1",
      "reply": "\u65e0",
      "title": "PictureQuestion"
    },
    {
      "ID": "196",
      "openid": null,
      "addtime": "2016-10-18 16:13:32",
      "loader": "\u6768\u8c46\u8c46",
      "company": "\u5929\u6d25\u795e\u821f\u6d69\u5929\u79d1\u6280",
      "pic": "http://api.codertopic.com/itapi/admin/uploadpic/uploadimages/1476778412up.png",
      "pictype": "Java",
      "approve": "1",
      "reply": "\u65e0",
      "title": "PictureQuestion"
    },
    {
      "ID": "194",
      "openid": null,
      "addtime": "2016-09-30 10:55:01",
      "loader": "\u65e9\u5b89",
      "company": "\u521b\u60f3\u79d1\u6280",
      "pic": "http://api.codertopic.com/itapi/admin/uploadpic/uploadimages/1475204101up.png",
      "pictype": "Java",
      "approve": "1",
      "reply": "\u65e0",
      "title": "PictureQuestion"
    },
    {
      "ID": "192",
      "openid": null,
      "addtime": "2016-09-09 20:42:14",
      "loader": "Chinge_Yang",
      "company": "\u65f6\u4ee3\u4e92\u8054",
      "pic": "http://api.codertopic.com/itapi/admin/uploadpic/uploadimages/1473424934up.png",
      "pictype": "PHP",
      "approve": "1",
      "reply": "\u65e0",
      "title": "PictureQuestion"
    },
    {
      "ID": "191",
      "openid": null,
      "addtime": "2016-09-09 20:41:56",
      "loader": "Chinge_Yang",
      "company": "\u65f6\u4ee3\u4e92\u8054",
      "pic": "http://api.codertopic.com/itapi/admin/uploadpic/uploadimages/1473424916up.png",
      "pictype": "PHP",
      "approve": "1",
      "reply": "\u65e0",
      "title": "PictureQuestion"
    },
    {
      "ID": "190",
      "openid": null,
      "addtime": "2016-09-09 09:18:26",
      "loader": "\ufe4f\u6d45\u5531",
      "company": "\u676d\u5dde\u7f51\u4ed3\u79d1\u6280\u6709\u9650\u516c\u53f8",
      "pic": "http://api.codertopic.com/itapi/admin/uploadpic/uploadimages/1473383906up.png",
      "pictype": "Python",
      "approve": "1",
      "reply": "\u65e0",
      "title": "PictureQuestion"
    },
    {
      "ID": "189",
      "openid": null,
      "addtime": "2016-09-09 09:18:05",
      "loader": "\ufe4f\u6d45\u5531",
      "company": "\u676d\u5dde\u7f51\u4ed3\u79d1\u6280\u6709\u9650\u516c\u53f8",
      "pic": "http://api.codertopic.com/itapi/admin/uploadpic/uploadimages/1473383885up.png",
      "pictype": "Python",
      "approve": "1",
      "reply": "\u65e0",
      "title": "PictureQuestion"
    },
    {
      "ID": "188",
      "openid": null,
      "addtime": "2016-09-09 09:17:45",
      "loader": "\ufe4f\u6d45\u5531",
      "company": "\u676d\u5dde\u7f51\u4ed3\u79d1\u6280\u6709\u9650\u516c\u53f8",
      "pic": "http://api.codertopic.com/itapi/admin/uploadpic/uploadimages/1473383865up.png",
      "pictype": "Python",
      "approve": "1",
      "reply": "\u65e0",
      "title": "PictureQuestion"
    },
    {
      "ID": "187",
      "openid": null,
      "addtime": "2016-09-09 09:17:23",
      "loader": "\ufe4f\u6d45\u5531",
      "company": "\u676d\u5dde\u7f51\u4ed3\u79d1\u6280\u6709\u9650\u516c\u53f8",
      "pic": "http://api.codertopic.com/itapi/admin/uploadpic/uploadimages/1473383843up.png",
      "pictype": "Python",
      "approve": "1",
      "reply": "\u65e0",
      "title": "PictureQuestion"
    },
    {
      "ID": "186",
      "openid": null,
      "addtime": "2016-09-09 09:16:37",
      "loader": "\ufe4f\u6d45\u5531",
      "company": "\u676d\u5dde\u7f51\u4ed3\u79d1\u6280\u6709\u9650\u516c\u53f8",
      "pic": "http://api.codertopic.com/itapi/admin/uploadpic/uploadimages/1473383797up.png",
      "pictype": "Python",
      "approve": "1",
      "reply": "\u65e0",
      "title": "PictureQuestion"
    },
    {
      "ID": "185",
      "openid": null,
      "addtime": "2016-09-08 18:34:14",
      "loader": "\u8fc7\u5ba2\u3002",
      "company": "\u7ecf\u7eac\u521b\u6295\uff08\u7ecf\u7eac\u4e2d\u56fd\uff09",
      "pic": "http://api.codertopic.com/itapi/admin/uploadpic/uploadimages/1473330854up.png",
      "pictype": "Object-C",
      "approve": "1",
      "reply": "\u65e0",
      "title": "PictureQuestion"
    },
    {
      "ID": "184",
      "openid": null,
      "addtime": "2016-09-08 17:31:11",
      "loader": "\u5251\u5ba2",
      "company": "\u643a\u7a0b\u65c5\u884c\u7f51",
      "pic": "http://api.codertopic.com/itapi/admin/uploadpic/uploadimages/1473327071up.png",
      "pictype": "Object-C",
      "approve": "1",
      "reply": "\u65e0",
      "title": "PictureQuestion"
    },
    {
      "ID": "183",
      "openid": null,
      "addtime": "2016-09-08 17:30:10",
      "loader": "\u5251\u5ba2",
      "company": "\u643a\u7a0b\u65c5\u884c\u7f51",
      "pic": "http://api.codertopic.com/itapi/admin/uploadpic/uploadimages/1473327010up.png",
      "pictype": "Object-C",
      "approve": "1",
      "reply": "\u65e0",
      "title": "PictureQuestion"
    },
    {
      "ID": "182",
      "openid": null,
      "addtime": "2016-09-08 10:18:36",
      "loader": "\u6de1\u5c0f\u6797",
      "company": "\u4e2d\u8f6f",
      "pic": "http://api.codertopic.com/itapi/admin/uploadpic/uploadimages/1473301116up.png",
      "pictype": "Java",
      "approve": "1",
      "reply": "\u65e0",
      "title": "PictureQuestion"
    },
    {
      "ID": "169",
      "openid": null,
      "addtime": "2016-07-27 17:47:17",
      "loader": "\u5c0f\u98de",
      "company": "\u51e4\u51f0\u91d1\u878d\u79d1\u6280",
      "pic": "http://api.codertopic.com/itapi/admin/uploadpic/uploadimages/1469612837up.png",
      "pictype": "Object-C",
      "approve": "1",
      "reply": "\u65e0",
      "title": "PictureQuestion"
    },
    {
      "ID": "162",
      "openid": null,
      "addtime": "2016-07-15 15:04:06",
      "loader": "\u5f02\u6b21\u5143",
      "company": "\u5c0f\u7c73\u79d1\u6280",
      "pic": "http://api.codertopic.com/itapi/admin/uploadpic/uploadimages/1468566246up.png",
      "pictype": "Object-C",
      "approve": "1",
      "reply": "\u65e0",
      "title": "PictureQuestion"
    },
    {
      "ID": "158",
      "openid": null,
      "addtime": "2016-06-23 06:21:05",
      "loader": "\u7af9\u5ca9",
      "company": "Lookiclould",
      "pic": "http://api.codertopic.com/itapi/admin/uploadpic/uploadimages/1466634065up.png",
      "pictype": "Object-C",
      "approve": "1",
      "reply": "\u65e0",
      "title": "PictureQuestion"
    },
    {
      "ID": "146",
      "openid": null,
      "addtime": "2015-11-06 20:29:10",
      "loader": "\u96f7\u950b",
      "company": "\u4e2d\u79d1\u8f6f",
      "pic": "http://api.codertopic.com/itapi/admin/uploadpic/uploadimages/1446812950up.png",
      "pictype": "Java",
      "approve": "1",
      "reply": "\u65e0",
      "title": "PictureQuestion"
    },
    {
      "ID": "145",
      "openid": null,
      "addtime": "2015-11-06 20:28:49",
      "loader": "\u96f7\u950b",
      "company": "\u4e2d\u79d1\u8f6f",
      "pic": "http://api.codertopic.com/itapi/admin/uploadpic/uploadimages/1446812929up.png",
      "pictype": "Java",
      "approve": "1",
      "reply": "\u65e0",
      "title": "PictureQuestion"
    },
    {
      "ID": "144",
      "openid": null,
      "addtime": "2015-11-06 20:26:24",
      "loader": "\u96f7\u950b",
      "company": "\u4e2d\u79d1\u8f6f",
      "pic": "http://api.codertopic.com/itapi/admin/uploadpic/uploadimages/1446812784up.png",
      "pictype": "Java",
      "approve": "1",
      "reply": "\u65e0",
      "title": "PictureQuestion"
    },
    {
      "ID": "143",
      "openid": null,
      "addtime": "2015-11-06 20:25:59",
      "loader": "\u96f7\u950b",
      "company": "\u4e2d\u79d1\u8f6f",
      "pic": "http://api.codertopic.com/itapi/admin/uploadpic/uploadimages/1446812759up.png",
      "pictype": "Java",
      "approve": "1",
      "reply": "\u65e0",
      "title": "PictureQuestion"
    },
    {
      "ID": "142",
      "openid": null,
      "addtime": "2015-11-06 20:25:27",
      "loader": "\u96f7\u950b",
      "company": "\u4e2d\u79d1\u8f6f",
      "pic": "http://api.codertopic.com/itapi/admin/uploadpic/uploadimages/1446812727up.png",
      "pictype": "Java",
      "approve": "1",
      "reply": "\u65e0",
      "title": "PictureQuestion"
    },
    {
      "ID": "141",
      "openid": null,
      "addtime": "2015-09-30 22:23:31",
      "loader": "\u86cb\u86cb",
      "company": "\u6709\u62db",
      "pic": "http://api.codertopic.com/itapi/admin/uploadpic/uploadimages/1443623011up.png",
      "pictype": "Java",
      "approve": "1",
      "reply": "\u65e0",
      "title": "PictureQuestion"
    },
    {
      "ID": "137",
      "openid": null,
      "addtime": "2015-08-21 23:13:22",
      "loader": "\u5566\u5494\u5c3c",
      "company": "\u5317\u4eac\u6377\u6587\u79d1\u6280",
      "pic": "http://api.codertopic.com/itapi/admin/uploadpic/uploadimages/1440170002up.png",
      "pictype": "Java",
      "approve": "1",
      "reply": "\u65e0",
      "title": "PictureQuestion"
    },
    {
      "ID": "136",
      "openid": null,
      "addtime": "2015-08-21 23:13:21",
      "loader": "\u62c9\u5361\u5c3c",
      "company": "\u5317\u4eac\u6377\u6587\u79d1\u6280",
      "pic": "http://api.codertopic.com/itapi/admin/uploadpic/uploadimages/1440170001up.png",
      "pictype": "Java",
      "approve": "1",
      "reply": "\u65e0",
      "title": "PictureQuestion"
    },
    {
      "ID": "135",
      "openid": null,
      "addtime": "2015-08-19 08:38:03",
      "loader": "\u5361\u5361",
      "company": "\u6b63\u70b9",
      "pic": "http://api.codertopic.com/itapi/admin/uploadpic/uploadimages/1439944683up.png",
      "pictype": "Object-C",
      "approve": "1",
      "reply": "\u65e0",
      "title": "PictureQuestion"
    },
    {
      "ID": "131",
      "openid": null,
      "addtime": "2015-07-01 22:32:26",
      "loader": "helloworld",
      "company": "E\u4ee3\u9a7e",
      "pic": "http://api.codertopic.com/itapi/admin/uploadpic/uploadimages/1435761146up.png",
      "pictype": "Java",
      "approve": "1",
      "reply": "\u65e0",
      "title": "PictureQuestion"
    },
    {
      "ID": "130",
      "openid": null,
      "addtime": "2015-07-01 22:28:46",
      "loader": "helloworld",
      "company": "E\u4ee3\u9a7e",
      "pic": "http://api.codertopic.com/itapi/admin/uploadpic/uploadimages/1435760926up.png",
      "pictype": "Java",
      "approve": "1",
      "reply": "\u65e0",
      "title": "PictureQuestion"
    },
    {
      "ID": "126",
      "openid": null,
      "addtime": "2015-05-05 10:29:07",
      "loader": "ethen",
      "company": "\u6cdb\u5fae",
      "pic": "http://api.codertopic.com/itapi/admin/uploadpic/uploadimages/1430792947up.png",
      "pictype": "Java",
      "approve": "1",
      "reply": "\u65e0",
      "title": "PictureQuestion"
    },
    {
      "ID": "125",
      "openid": null,
      "addtime": "2015-05-05 10:26:49",
      "loader": "ethen",
      "company": "\u6cdb\u5fae",
      "pic": "http://api.codertopic.com/itapi/admin/uploadpic/uploadimages/1430792809up.png",
      "pictype": "Java",
      "approve": "1",
      "reply": "\u65e0",
      "title": "PictureQuestion"
    },
    {
      "ID": "124",
      "openid": null,
      "addtime": "2015-04-27 12:07:19",
      "loader": "zz",
      "company": "\u4e92\u4fe1\u4e92\u901a",
      "pic": "http://api.codertopic.com/itapi/admin/uploadpic/uploadimages/1430107639up.png",
      "pictype": "Java",
      "approve": "1",
      "reply": "\u65e0",
      "title": "PictureQuestion"
    },
    {
      "ID": "123",
      "openid": null,
      "addtime": "2015-04-27 12:06:54",
      "loader": "zz",
      "company": "\u4e92\u4fe1\u4e92\u901a",
      "pic": "http://api.codertopic.com/itapi/admin/uploadpic/uploadimages/1430107614up.png",
      "pictype": "Java",
      "approve": "1",
      "reply": "\u65e0",
      "title": "PictureQuestion"
    },
    {
      "ID": "122",
      "openid": null,
      "addtime": "2015-04-27 12:06:09",
      "loader": "zz",
      "company": "\u4e92\u4fe1\u4e92\u901a",
      "pic": "http://api.codertopic.com/itapi/admin/uploadpic/uploadimages/1430107569up.png",
      "pictype": "Java",
      "approve": "1",
      "reply": "\u65e0",
      "title": "PictureQuestion"
    },
    {
      "ID": "118",
      "openid": null,
      "addtime": "2015-02-13 09:13:39",
      "loader": "\u5c0f\u5b69",
      "company": "\u795e\u5dde\u901a\u5b9d",
      "pic": "http://api.codertopic.com/itapi/admin/uploadpic/uploadimages/1423790019up.png",
      "pictype": "Object-C",
      "approve": "1",
      "reply": "\u65e0",
      "title": "PictureQuestion"
    },
    {
      "ID": "109",
      "openid": null,
      "addtime": "2014-07-30 17:45:53",
      "loader": "\u4eba\u9c7c\u5c0f\u59d0",
      "company": "\u5317\u4eac\u6613\u9a70\u4fe1\u901a\u79d1\u6280\u6709\u9650\u516c\u53f8",
      "pic": "http://api.codertopic.com/itapi/admin/uploadpic/uploadimages/1406713552up.png",
      "pictype": "Object-C",
      "approve": "1",
      "reply": "\u65e0",
      "title": "PictureQuestion"
    },
    {
      "ID": "108",
      "openid": null,
      "addtime": "2014-07-30 17:45:28",
      "loader": "\u4eba\u9c7c\u5c0f\u59d0",
      "company": "\u5317\u4eac\u6613\u9a70\u4fe1\u901a\u79d1\u6280\u6709\u9650\u516c\u53f8",
      "pic": "http://api.codertopic.com/itapi/admin/uploadpic/uploadimages/1406713528up.png",
      "pictype": "Object-C",
      "approve": "1",
      "reply": "\u65e0",
      "title": "PictureQuestion"
    },
    {
      "ID": "107",
      "openid": null,
      "addtime": "2014-07-30 17:44:52",
      "loader": "\u4eba\u9c7c\u5c0f\u59d0",
      "company": "\u5317\u4eac\u6613\u9a70\u4fe1\u901a\u79d1\u6280\u6709\u9650\u516c\u53f8",
      "pic": "http://api.codertopic.com/itapi/admin/uploadpic/uploadimages/1406713492up.png",
      "pictype": "Object-C",
      "approve": "1",
      "reply": "\u65e0",
      "title": "PictureQuestion"
    },
    {
      "ID": "106",
      "openid": null,
      "addtime": "2014-07-30 17:43:41",
      "loader": "\u4eba\u9c7c\u5c0f\u59d0",
      "company": "\u5317\u4eac\u6613\u9a70\u4fe1\u901a\u79d1\u6280\u6709\u9650\u516c\u53f8",
      "pic": "http://api.codertopic.com/itapi/admin/uploadpic/uploadimages/1406713421up.png",
      "pictype": "Object-C",
      "approve": "1",
      "reply": "\u65e0",
      "title": "PictureQuestion"
    },
    {
      "ID": "105",
      "openid": null,
      "addtime": "2014-07-30 17:40:20",
      "loader": "\u4eba\u9c7c",
      "company": "\u5916\u4f012",
      "pic": "http://api.codertopic.com/itapi/admin/uploadpic/uploadimages/1406713220up.png",
      "pictype": "Object-C",
      "approve": "1",
      "reply": "\u65e0",
      "title": "PictureQuestion"
    },
    {
      "ID": "104",
      "openid": null,
      "addtime": "2014-07-30 17:39:59",
      "loader": "\u4eba\u9c7c",
      "company": "\u5916\u4f01",
      "pic": "http://api.codertopic.com/itapi/admin/uploadpic/uploadimages/1406713199up.png",
      "pictype": "Object-C",
      "approve": "1",
      "reply": "\u65e0",
      "title": "PictureQuestion"
    },
    {
      "ID": "101",
      "openid": null,
      "addtime": "2014-07-16 11:41:43",
      "loader": "\u53c8\u89c1\u96f7\u950b",
      "company": "\u4e2d\u641c\u7f51\u7edc\u6280\u672f\u6709\u9650\u516c\u53f8",
      "pic": "http://api.codertopic.com/itapi/admin/uploadpic/uploadimages/14054821033.png",
      "pictype": "Object-C",
      "approve": "1",
      "reply": "3",
      "title": "PictureQuestion"
    },
    {
      "ID": "100",
      "openid": null,
      "addtime": "2014-07-16 11:41:14",
      "loader": "\u53c8\u89c1\u96f7\u950b",
      "company": "\u4e2d\u641c\u7f51\u7edc\u6280\u672f\u6709\u9650\u516c\u53f8",
      "pic": "http://api.codertopic.com/itapi/admin/uploadpic/uploadimages/14054820742.png",
      "pictype": "Object-C",
      "approve": "1",
      "reply": "2",
      "title": "PictureQuestion"
    },
    {
      "ID": "99",
      "openid": null,
      "addtime": "2014-07-16 11:40:46",
      "loader": "\u53c8\u89c1\u96f7\u950b",
      "company": "\u4e2d\u641c\u7f51\u7edc\u6280\u672f\u6709\u9650\u516c\u53f8",
      "pic": "http://api.codertopic.com/itapi/admin/uploadpic/uploadimages/14054820461.png",
      "pictype": "Object-C",
      "approve": "1",
      "reply": "1",
      "title": "PictureQuestion"
    },
    {
      "ID": "97",
      "openid": null,
      "addtime": "2014-07-04 22:14:49",
      "loader": "\u90fd\u6559\u6388",
      "company": "\u7b2c\u4e00\u8d22\u7ecf",
      "pic": "http://api.codertopic.com/itapi/admin/uploadpic/uploadimages/140448328944.jpg",
      "pictype": "Object-C",
      "approve": "1",
      "reply": "\u54c7\u5494\u5494",
      "title": "PictureQuestion"
    },
    {
      "ID": "96",
      "openid": null,
      "addtime": "2014-07-04 22:11:09",
      "loader": "\u5c0f\u5c0f\u9e1f",
      "company": "\u65b0\u6d6a\u7f51",
      "pic": "http://api.codertopic.com/itapi/admin/uploadpic/uploadimages/140448306922.png",
      "pictype": "Java",
      "approve": "1",
      "reply": "\u65b0\u6d6a",
      "title": "PictureQuestion"
    },
    {
      "ID": "95",
      "openid": null,
      "addtime": "2014-07-04 22:07:17",
      "loader": "\u840c\u840c\u54d2",
      "company": "\u535a\u5f66\u79d1\u6280",
      "pic": "http://api.codertopic.com/itapi/admin/uploadpic/uploadimages/140448283711.jpg",
      "pictype": "Java",
      "approve": "1",
      "reply": "\u65e0",
      "title": "PictureQuestion"
    },
    {
      "ID": "90",
      "openid": null,
      "addtime": "2014-07-04 16:53:52",
      "loader": "\u5c0f\u83dc\u9e1f",
      "company": "\u4f18\u9177",
      "pic": "http://api.codertopic.com/itapi/admin/uploadpic/uploadimages/14044640322.png",
      "pictype": "Object-C",
      "approve": "1",
      "reply": "\u83dc\u9e1f",
      "title": "PictureQuestion"
    },
    {
      "ID": "89",
      "openid": null,
      "addtime": "2014-07-04 16:50:26",
      "loader": "\u8bf7\u53eb\u6211\u96f7\u950b",
      "company": "\u8d22\u65b0\u4f20\u5a92",
      "pic": "http://api.codertopic.com/itapi/admin/uploadpic/uploadimages/14044638261.png",
      "pictype": "Object-C",
      "approve": "1",
      "reply": "\u7fa4\u53cb\u63a8\u8350",
      "title": "PictureQuestion"
    },
    {
      "ID": "85",
      "openid": null,
      "addtime": "2014-07-03 23:32:23",
      "loader": "\u5f00\u53d1\u5c0f\u83dc",
      "company": "\u8f6f\u901a\u52a8\u529b",
      "pic": "http://api.codertopic.com/itapi/admin/uploadpic/uploadimages/1404401543up.png",
      "pictype": "Object-C",
      "approve": "1",
      "reply": "\u65e0",
      "title": "PictureQuestion"
    }
  ]
}