[
  {
    "issue_title": "Thanks",
    "issue_subtitle": "感谢",
    "issue_list": [
      {
        "title": "Growth 3.0 with React Native",
        "url": "https://github.com/phodal/growth",
        "author": "github"
      },
      {
          "title": "PinterestSwift: This is a Swift based demo project to show how to make the transition Pinterest liked.",
          "url": "https://github.com/demonnico/PinterestSwift",
          "author": "github"
      },
      {
          "title": "DHSmartScreenshot",
          "url": "https://github.com/davidman/DHSmartScreenshot",
          "author": "github"
      },
      {
          "title": "免费的编程中文书籍索引",
          "url": "https://github.com/justjavac/free-programming-books-zh_CN",
          "author": "github"
      },
      {
          "title": "objc.io",
          "url": "https://www.objc.io",
          "author": "website"
      },
      {
          "title": "ObjC 中国",
          "url": "https://objccn.io",
          "author": "website"
      },
      {
          "title": "NSHipster",
          "url": "https://nshipster.com",
          "author": "website"
      },
      {
          "title": "NSHipster - 中文",
          "url": "https://nshipster.cn",
          "author": "website"
      }
    ]
  }
]
