[
    {
        "issue_title": "Apps",
        "issue_subtitle": "开发者应用",
        "issue_list": [
            {
                "title": "iLeetCoder",
                "url": "https://itunes.apple.com/cn/app/iLeetCoder/id1458259471?l=zh&ls=1&mt=8",
                "author": "一款精心的算法题目学习App，迅速找到工作"
            },
            {
                "title": "iTer",
                "url": "https://itunes.apple.com/us/app/italker-it/id1224934068?l=zh&ls=1&mt=8",
                "author": "10000+ IT企业题库，为升职面试准备"
            },
            {
                "title": "爱五笔",
                "url": "https://itunes.apple.com/cn/app/iWuBi/id1459028801?l=zh&ls=1&mt=8",
                "author": "五笔学习App，支持86版和98版/简体和繁体"
            },
            {
                "title": "iEnglish",
                "url": "https://itunes.apple.com/cn/app/iEnglish/id1236558125?l=zh&ls=1&mt=8",
                "author": "初学者必备词汇，3000入门单词和词汇分类学习"
            },
            {
                "title": "SecurityNote",
                "url": "https://itunes.apple.com/cn/app/mi-ji-yu-zhong-bu-tong-ji/id925021570?l=zh&mt=8",
                "author": "简单简洁简明简便的生活小密记"
            }
        ]
    },
    {
        "issue_title": "开源项目",
        "issue_subtitle": "GitHub",
        "issue_list": [
            {
                "title": "OneMindMap",
                "url": "https://github.com/iHTCboy/OneMindMap/blob/master/README.md",
                "author": "一张思维导图的知识"
            },
            {
                "title": "iTalker",
                "url": "https://github.com/iHTCboy/iTalker",
                "author": "IT学习、求职面试必备，IT面试基础必备试题指南"
            },
            {
                "title": "English",
                "url": "https://github.com/iHTCboy/iEnglish",
                "author": "初学者必备词汇，3000入门单词和词汇分类学习"
            },
            {
                "title": "iWuBi",
                "url": "https://github.com/iHTCboy/iWuBi",
                "author": "五笔输入法知识的学习App，方便初学者学习和快速查询拆字等"
            },
            {
                "title": "iLeetcode-iOS",
                "url": "https://github.com/iHTCboy/iLeetcode-iOS",
                "author": "一款IT工程师们提供算法知识充电的应用"
            },
            {
                "title": "FullScreenBrowser",
                "url": "https://github.com/iHTCboy/FullScreenBrowser",
                "author": "一个超简单的全屏浏览器，真实无边"
            },
            {
                "title": "SecurityNote",
                "url": "https://github.com/iHTCboy/SecurityNote",
                "author": "超级简单和好用的笔记事本App"
            },
            {
                "title": "CampusOfGLUT",
                "url": "https://github.com/iHTCboy/CampusOfGLUT",
                "author": "桂林理工大学——校园通App"
            },
            {
                "title": "GLUTCloud",
                "url": "https://github.com/iHTCboy/GLUTCloud",
                "author": "桂林理工大学云图——桂工导航App"
            },
            {
                "title": "GLUTJW",
                "url": "https://github.com/iHTCboy/GLUTJWStuderForiPhone",
                "author": "桂林理工大学教务系统-学生版"
            }
      ]
    }
]
