{
  "Cocoa": {
    "content_title": "Cocoa",
    "content_list": [
      {
        "title": "AVSpeechSynthesizer",
        "url": "https://nshipster.com/avspeechsynthesizer/"
      },
      {
        "title": "AddressBookUI",
        "url": "https://nshipster.com/addressbookui/"
      },
      {
        "title": "Bundles and Packages",
        "url": "https://nshipster.com/bundles-and-packages/"
      },
      {
        "title": "CFBag",
        "url": "https://nshipster.com/cfbag/"
      },
      {
        "title": "CFStringTransform",
        "url": "https://nshipster.com/cfstringtransform/"
      },
      {
        "title": "CMDeviceMotion",
        "url": "https://nshipster.com/cmdevicemotion/"
      },
      {
        "title": "CMMotionActivity",
        "url": "https://nshipster.com/cmmotionactivity/"
      },
      {
        "title": "CharacterSet",
        "url": "https://nshipster.com/characterset/"
      },
      {
        "title": "CloudKit",
        "url": "https://nshipster.com/cloudkit/"
      },
      {
        "title": "Core Location in iOS 8",
        "url": "https://nshipster.com/core-location-in-ios-8/"
      },
      {
        "title": "CoreGraphics Geometry Primitives and Functions",
        "url": "https://nshipster.com/cggeometry/"
      },
      {
        "title": "DateComponents",
        "url": "https://nshipster.com/datecomponents/"
      },
      {
        "title": "Dictionary Services",
        "url": "https://nshipster.com/dictionary-services/"
      },
      {
        "title": "FileManager",
        "url": "https://nshipster.com/filemanager/"
      },
      {
        "title": "Guided Access",
        "url": "https://nshipster.com/guided-access/"
      },
      {
        "title": "IBAction / IBOutlet / IBOutletCollection",
        "url": "https://nshipster.com/ibaction-iboutlet-iboutletcollection/"
      },
      {
        "title": "JavaScriptCore",
        "url": "https://nshipster.com/javascriptcore/"
      },
      {
        "title": "KVC Collection Operators",
        "url": "https://nshipster.com/kvc-collection-operators/"
      },
      {
        "title": "Key-Value Observing",
        "url": "https://nshipster.com/key-value-observing/"
      },
      {
        "title": "Locale",
        "url": "https://nshipster.com/locale/"
      },
      {
        "title": "LocalizedError, RecoverableError, CustomNSError",
        "url": "https://nshipster.com/swift-foundation-error-protocols/"
      },
      {
        "title": "MKGeodesicPolyline",
        "url": "https://nshipster.com/mkgeodesicpolyline/"
      },
      {
        "title": "MKLocalSearch",
        "url": "https://nshipster.com/mklocalsearch/"
      },
      {
        "title": "MKTileOverlay, MKMapSnapshotter & MKDirections",
        "url": "https://nshipster.com/mktileoverlay-mkmapsnapshotter-mkdirections/"
      },
      {
        "title": "Multipeer Connectivity",
        "url": "https://nshipster.com/multipeer-connectivity/"
      },
      {
        "title": "NLLanguageRecognizer",
        "url": "https://nshipster.com/nllanguagerecognizer/"
      },
      {
        "title": "NSAssertionHandler",
        "url": "https://nshipster.com/nsassertionhandler/"
      },
      {
        "title": "NSCache",
        "url": "https://nshipster.com/nscache/"
      },
      {
        "title": "NSCalendar Additions",
        "url": "https://nshipster.com/nscalendar-additions/"
      },
      {
        "title": "NSCoding / NSKeyedArchiver",
        "url": "https://nshipster.com/nscoding/"
      },
      {
        "title": "NSDataAsset",
        "url": "https://nshipster.com/nsdataasset/"
      },
      {
        "title": "NSDataDetector",
        "url": "https://nshipster.com/nsdatadetector/"
      },
      {
        "title": "NSError",
        "url": "https://nshipster.com/nserror/"
      },
      {
        "title": "NSExpression",
        "url": "https://nshipster.com/nsexpression/"
      },
      {
        "title": "NSFastEnumeration / NSEnumerator",
        "url": "https://nshipster.com/enumerators/"
      },
      {
        "title": "NSFormatter",
        "url": "https://nshipster.com/nsformatter/"
      },
      {
        "title": "NSHashTable & NSMapTable",
        "url": "https://nshipster.com/nshashtable-and-nsmaptable/"
      },
      {
        "title": "NSIncrementalStore",
        "url": "https://nshipster.com/nsincrementalstore/"
      },
      {
        "title": "NSIndexSet",
        "url": "https://nshipster.com/nsindexset/"
      },
      {
        "title": "NSLinguisticTagger",
        "url": "https://nshipster.com/nslinguistictagger/"
      },
      {
        "title": "NSLocalizedString",
        "url": "https://nshipster.com/nslocalizedstring/"
      },
      {
        "title": "NSNotification & NSNotificationCenter",
        "url": "https://nshipster.com/nsnotification-and-nsnotificationcenter/"
      },
      {
        "title": "NSOperation",
        "url": "https://nshipster.com/nsoperation/"
      },
      {
        "title": "NSOrderedSet",
        "url": "https://nshipster.com/nsorderedset/"
      },
      {
        "title": "NSPredicate",
        "url": "https://nshipster.com/nspredicate/"
      },
      {
        "title": "NSRange",
        "url": "https://nshipster.com/nsrange/"
      },
      {
        "title": "NSScanner",
        "url": "https://nshipster.com/nsscanner/"
      },
      {
        "title": "NSSecureCoding",
        "url": "https://nshipster.com/nssecurecoding/"
      },
      {
        "title": "NSSortDescriptor",
        "url": "https://nshipster.com/nssortdescriptor/"
      },
      {
        "title": "NSURL / NSURLComponents",
        "url": "https://nshipster.com/nsurl/"
      },
      {
        "title": "NSURLCache",
        "url": "https://nshipster.com/nsurlcache/"
      },
      {
        "title": "NSURLProtocol",
        "url": "https://nshipster.com/nsurlprotocol/"
      },
      {
        "title": "NSUUID / CFUUIDRef / UIDevice -uniqueIdentifier / -identifierForVendor",
        "url": "https://nshipster.com/uuid-udid-unique-identifier/"
      },
      {
        "title": "NSUndoManager",
        "url": "https://nshipster.com/nsundomanager/"
      },
      {
        "title": "NSValue",
        "url": "https://nshipster.com/nsvalue/"
      },
      {
        "title": "NS_ENUM & NS_OPTIONS",
        "url": "https://nshipster.com/ns_enum-ns_options/"
      },
      {
        "title": "PHImageManager",
        "url": "https://nshipster.com/phimagemanager/"
      },
      {
        "title": "Password Rules / UITextInputPasswordRules",
        "url": "https://nshipster.com/uitextinputpasswordrules/"
      },
      {
        "title": "Search Kit",
        "url": "https://nshipster.com/search-kit/"
      },
      {
        "title": "Temporary Files",
        "url": "https://nshipster.com/temporary-files/"
      },
      {
        "title": "TimeInterval, Date, and DateInterval",
        "url": "https://nshipster.com/timeinterval-date-dateinterval/"
      },
      {
        "title": "UIAccessibility",
        "url": "https://nshipster.com/uiaccessibility/"
      },
      {
        "title": "UIActivityViewController",
        "url": "https://nshipster.com/uiactivityviewcontroller/"
      },
      {
        "title": "UIAlertController",
        "url": "https://nshipster.com/uialertcontroller/"
      },
      {
        "title": "UIAppearance",
        "url": "https://nshipster.com/uiappearance/"
      },
      {
        "title": "UIApplicationDelegate launchOptions",
        "url": "https://nshipster.com/launch-options/"
      },
      {
        "title": "UICollectionView",
        "url": "https://nshipster.com/uicollectionview/"
      },
      {
        "title": "UIFieldBehavior",
        "url": "https://nshipster.com/uifieldbehavior/"
      },
      {
        "title": "UIKeyCommand",
        "url": "https://nshipster.com/uikeycommand/"
      },
      {
        "title": "UILocalizedIndexedCollation",
        "url": "https://nshipster.com/uilocalizedindexedcollation/"
      },
      {
        "title": "UIMenuController",
        "url": "https://nshipster.com/uimenucontroller/"
      },
      {
        "title": "UIPrintInteractionController",
        "url": "https://nshipster.com/uiprintinteractioncontroller/"
      },
      {
        "title": "UISplitViewController",
        "url": "https://nshipster.com/uisplitviewcontroller/"
      },
      {
        "title": "UITableViewHeaderFooterView",
        "url": "https://nshipster.com/uitableviewheaderfooterview/"
      },
      {
        "title": "UITextChecker",
        "url": "https://nshipster.com/uitextchecker/"
      },
      {
        "title": "ValueTransformer",
        "url": "https://nshipster.com/valuetransformer/"
      },
      {
        "title": "WKWebView",
        "url": "https://nshipster.com/wkwebview/"
      }
    ],
    "content_title_cn": "Cocoa",
    "content_list_cn": [
      {
        "title": "AddressBookUI",
        "url": "https://nshipster.cn/addressbookui/"
      },
      {
        "title": "CFBag",
        "url": "https://nshipster.cn/cfbag/"
      },
      {
        "title": "CFStringTransform",
        "url": "https://nshipster.cn/cfstringtransform/"
      },
      {
        "title": "CGGeometry",
        "url": "https://nshipster.cn/cggeometry/"
      },
      {
        "title": "CMMotionActivity",
        "url": "https://nshipster.cn/cmmotionactivity/"
      },
      {
        "title": "CloudKit",
        "url": "https://nshipster.cn/cloudkit/"
      },
      {
        "title": "Core Location in iOS 8",
        "url": "https://nshipster.cn/core-location-in-ios-8/"
      },
      {
        "title": "JavaScriptCore",
        "url": "https://nshipster.cn/javascriptcore/"
      },
      {
        "title": "KVC Collection Operators",
        "url": "https://nshipster.cn/kvc-collection-operators/"
      },
      {
        "title": "Key-Value Observing",
        "url": "https://nshipster.cn/key-value-observing/"
      },
      {
        "title": "MKLocalSearch",
        "url": "https://nshipster.cn/mklocalsearch/"
      },
      {
        "title": "NSAssertionHandler",
        "url": "https://nshipster.cn/nsassertionhandler/"
      },
      {
        "title": "NSCache",
        "url": "https://nshipster.cn/nscache/"
      },
      {
        "title": "NSCalendar Additions",
        "url": "https://nshipster.cn/nscalendar-additions/"
      },
      {
        "title": "NSCharacterSet",
        "url": "https://nshipster.cn/nscharacterset/"
      },
      {
        "title": "NSCoding / NSKeyedArchiver",
        "url": "https://nshipster.cn/nscoding/"
      },
      {
        "title": "NSDataDetector",
        "url": "https://nshipster.cn/nsdatadetector/"
      },
      {
        "title": "NSDateComponents",
        "url": "https://nshipster.cn/nsdatecomponents/"
      },
      {
        "title": "NSError",
        "url": "https://nshipster.cn/nserror/"
      },
      {
        "title": "NSExpression",
        "url": "https://nshipster.cn/nsexpression/"
      },
      {
        "title": "NSFastEnumeration / NSEnumerator",
        "url": "https://nshipster.cn/enumerators/"
      },
      {
        "title": "NSFileManager",
        "url": "https://nshipster.cn/nsfilemanager/"
      },
      {
        "title": "NSHashTable & NSMapTable",
        "url": "https://nshipster.cn/nshashtable-and-nsmaptable/"
      },
      {
        "title": "NSIncrementalStore",
        "url": "https://nshipster.cn/nsincrementalstore/"
      },
      {
        "title": "NSIndexSet",
        "url": "https://nshipster.cn/nsindexset/"
      },
      {
        "title": "NSLinguisticTagger",
        "url": "https://nshipster.cn/nslinguistictagger/"
      },
      {
        "title": "NSLocale",
        "url": "https://nshipster.cn/nslocale/"
      },
      {
        "title": "NSLocalizedString",
        "url": "https://nshipster.cn/nslocalizedstring/"
      },
      {
        "title": "NSNotification & NSNotificationCenter",
        "url": "https://nshipster.cn/nsnotification-and-nsnotificationcenter/"
      },
      {
        "title": "NSOperation",
        "url": "https://nshipster.cn/nsoperation/"
      },
      {
        "title": "NSOrderedSet",
        "url": "https://nshipster.cn/nsorderedset/"
      },
      {
        "title": "NSPredicate",
        "url": "https://nshipster.cn/nspredicate/"
      },
      {
        "title": "NSRange",
        "url": "https://nshipster.cn/nsrange/"
      },
      {
        "title": "NSSecureCoding",
        "url": "https://nshipster.cn/nssecurecoding/"
      },
      {
        "title": "NSSortDescriptor",
        "url": "https://nshipster.cn/nssortdescriptor/"
      },
      {
        "title": "NSTemporaryDirectory / NSItemReplacementDirectory / mktemp(3)",
        "url": "https://nshipster.cn/nstemporarydirectory/"
      },
      {
        "title": "NSURL / NSURLComponents",
        "url": "https://nshipster.cn/nsurl/"
      },
      {
        "title": "NSURLCache",
        "url": "https://nshipster.cn/nsurlcache/"
      },
      {
        "title": "NSURLProtocol",
        "url": "https://nshipster.cn/nsurlprotocol/"
      },
      {
        "title": "NSUUID / CFUUIDRef / UIDevice -uniqueIdentifier / -identifierForVendor",
        "url": "https://nshipster.cn/uuid-udid-unique-identifier/"
      },
      {
        "title": "NSUndoManager",
        "url": "https://nshipster.cn/nsundomanager/"
      },
      {
        "title": "NSValue",
        "url": "https://nshipster.cn/nsvalue/"
      },
      {
        "title": "NSValueTransformer",
        "url": "https://nshipster.cn/nsvaluetransformer/"
      },
      {
        "title": "NS_ENUM & NS_OPTIONS",
        "url": "https://nshipster.cn/ns_enum-ns_options/"
      },
      {
        "title": "Search Kit",
        "url": "https://nshipster.cn/search-kit/"
      },
      {
        "title": "UIAccessibility",
        "url": "https://nshipster.cn/uiaccessibility/"
      },
      {
        "title": "UIAlertController",
        "url": "https://nshipster.cn/uialertcontroller/"
      },
      {
        "title": "UIAppearance",
        "url": "https://nshipster.cn/uiappearance/"
      },
      {
        "title": "UIApplicationDelegate launchOptions",
        "url": "https://nshipster.cn/launch-options/"
      },
      {
        "title": "UICollectionView",
        "url": "https://nshipster.cn/uicollectionview/"
      },
      {
        "title": "UIKeyCommand",
        "url": "https://nshipster.cn/uikeycommand/"
      },
      {
        "title": "UILocalizedIndexedCollation",
        "url": "https://nshipster.cn/uilocalizedindexedcollation/"
      },
      {
        "title": "UIMenuController",
        "url": "https://nshipster.cn/uimenucontroller/"
      },
      {
        "title": "UIPrintInteractionController",
        "url": "https://nshipster.cn/uiprintinteractioncontroller/"
      },
      {
        "title": "UIReferenceLibraryViewController / DCSDictionaryRef",
        "url": "https://nshipster.cn/dictionary-services/"
      },
      {
        "title": "UISplitViewController",
        "url": "https://nshipster.cn/uisplitviewcontroller/"
      },
      {
        "title": "WKWebView",
        "url": "https://nshipster.cn/wkwebkit/"
      },
      {
        "title": "\u5bc6\u7801\u89c4\u5219 / UITextInputPasswordRules",
        "url": "https://nshipster.cn/uitextinputpasswordrules/"
      }
    ]
  },
  "Swift": {
    "content_title": "Swift",
    "content_list": [
      {
        "title": "API Pollution in Swift Modules",
        "url": "https://nshipster.com/swift-api-pollution/"
      },
      {
        "title": "CustomPlaygroundDisplayConvertible",
        "url": "https://nshipster.com/customplaygrounddisplayconvertible/"
      },
      {
        "title": "Equatable and Comparable",
        "url": "https://nshipster.com/equatable-and-comparable/"
      },
      {
        "title": "ExpressibleByStringInterpolation",
        "url": "https://nshipster.com/expressiblebystringinterpolation/"
      },
      {
        "title": "Hashable / Hasher",
        "url": "https://nshipster.com/hashable/"
      },
      {
        "title": "Mirror / CustomReflectable / CustomLeafReflectable",
        "url": "https://nshipster.com/mirror/"
      },
      {
        "title": "Never",
        "url": "https://nshipster.com/never/"
      },
      {
        "title": "OptionSet",
        "url": "https://nshipster.com/optionset/"
      },
      {
        "title": "Regular Expressions in Swift",
        "url": "https://nshipster.com/swift-regular-expressions/"
      },
      {
        "title": "Swift & the Objective-C Runtime",
        "url": "https://nshipster.com/swift-objc-runtime/"
      },
      {
        "title": "Swift Code Formatters",
        "url": "https://nshipster.com/swift-format/"
      },
      {
        "title": "Swift Collection Protocols",
        "url": "https://nshipster.com/swift-collection-protocols/"
      },
      {
        "title": "Swift Default Protocol Implementations",
        "url": "https://nshipster.com/swift-default-protocol-implementations/"
      },
      {
        "title": "Swift Documentation",
        "url": "https://nshipster.com/swift-documentation/"
      },
      {
        "title": "Swift GYB",
        "url": "https://nshipster.com/swift-gyb/"
      },
      {
        "title": "Swift Import Declarations",
        "url": "https://nshipster.com/import/"
      },
      {
        "title": "Swift Literals",
        "url": "https://nshipster.com/swift-literals/"
      },
      {
        "title": "Swift Operators",
        "url": "https://nshipster.com/swift-operators/"
      },
      {
        "title": "Swift Property Observers",
        "url": "https://nshipster.com/swift-property-observers/"
      },
      {
        "title": "Swift System Version Checking",
        "url": "https://nshipster.com/swift-system-version-checking/"
      },
      {
        "title": "SwiftSyntax",
        "url": "https://nshipster.com/swiftsyntax/"
      },
      {
        "title": "TextOutputStream",
        "url": "https://nshipster.com/textoutputstream/"
      },
      {
        "title": "Unmanaged",
        "url": "https://nshipster.com/unmanaged/"
      },
      {
        "title": "Void",
        "url": "https://nshipster.com/void/"
      },
      {
        "title": "XCPlayground",
        "url": "https://nshipster.com/xcplayground/"
      },
      {
        "title": "guard & defer",
        "url": "https://nshipster.com/guard-and-defer/"
      },
      {
        "title": "numericCast(_:)",
        "url": "https://nshipster.com/numericcast/"
      }
    ],
    "content_title_cn": "Swift",
    "content_list_cn": [
      {
        "title": "Hashable / Hasher",
        "url": "https://nshipster.cn/hashable/"
      },
      {
        "title": "Never",
        "url": "https://nshipster.cn/never/"
      },
      {
        "title": "RawOptionSetType",
        "url": "https://nshipster.cn/rawoptionsettype/"
      },
      {
        "title": "Swift & the Objective-C Runtime",
        "url": "https://nshipster.cn/swift-objc-runtime/"
      },
      {
        "title": "Swift 1.2",
        "url": "https://nshipster.cn/swift-1.2/"
      },
      {
        "title": "Swift Comparison Protocols",
        "url": "https://nshipster.cn/swift-comparison-protocols/"
      },
      {
        "title": "Swift Default Protocol Implementations",
        "url": "https://nshipster.cn/swift-default-protocol-implementations/"
      },
      {
        "title": "Swift Documentation",
        "url": "https://nshipster.cn/swift-documentation/"
      },
      {
        "title": "Swift GYB",
        "url": "https://nshipster.cn/swift-gyb/"
      },
      {
        "title": "Swift Literal Convertibles",
        "url": "https://nshipster.cn/swift-literal-convertible/"
      },
      {
        "title": "Swift Operators",
        "url": "https://nshipster.cn/swift-operators/"
      },
      {
        "title": "Swift Property Observers",
        "url": "https://nshipster.cn/swift-property-observers/"
      },
      {
        "title": "Swift System Version Checking",
        "url": "https://nshipster.cn/swift-system-version-checking/"
      },
      {
        "title": "Unmanaged",
        "url": "https://nshipster.cn/unmanaged/"
      },
      {
        "title": "XCPlayground",
        "url": "https://nshipster.cn/xcplayground/"
      },
      {
        "title": "guard & defer",
        "url": "https://nshipster.cn/guard-and-defer/"
      },
      {
        "title": "numericCast(_:)",
        "url": "https://nshipster.cn/numericcast/"
      }
    ]
  },
  "Xcode": {
    "content_title": "Xcode",
    "content_list": [
      {
        "title": "IBInspectable / IBDesignable",
        "url": "https://nshipster.com/ibinspectable-ibdesignable/"
      },
      {
        "title": "Launch Arguments &  Environment Variables",
        "url": "https://nshipster.com/launch-arguments-and-environment-variables/"
      },
      {
        "title": "Network Link Conditioner",
        "url": "https://nshipster.com/network-link-conditioner/"
      },
      {
        "title": "Quick Look Debugging",
        "url": "https://nshipster.com/quick-look-debugging/"
      },
      {
        "title": "XCTestCase / XCTestExpectation /  measureBlock()",
        "url": "https://nshipster.com/xctestcase/"
      },
      {
        "title": "Xcode Key Bindings & Gestures",
        "url": "https://nshipster.com/xcode-key-bindings-and-gestures/"
      },
      {
        "title": "Xcode Plugins",
        "url": "https://nshipster.com/xcode-plugins/"
      },
      {
        "title": "Xcode Snippets",
        "url": "https://nshipster.com/xcode-snippets/"
      },
      {
        "title": "XcodeKit and Xcode Source Editor Extensions",
        "url": "https://nshipster.com/xcode-source-extensions/"
      },
      {
        "title": "simctl",
        "url": "https://nshipster.com/simctl/"
      }
    ],
    "content_title_cn": "Xcode",
    "content_list_cn": [
      {
        "title": "IBInspectable / IBDesignable",
        "url": "https://nshipster.cn/ibinspectable-ibdesignable/"
      },
      {
        "title": "Launch Arguments & Environment Variables",
        "url": "https://nshipster.cn/launch-arguments-and-environment-variables/"
      },
      {
        "title": "Network Link Conditioner",
        "url": "https://nshipster.cn/network-link-conditioner/"
      },
      {
        "title": "Quick Look Debugging",
        "url": "https://nshipster.cn/quick-look-debugging/"
      },
      {
        "title": "Xcode Key Bindings & Gestures",
        "url": "https://nshipster.cn/xcode-key-bindings-and-gestures/"
      },
      {
        "title": "Xcode Snippets",
        "url": "https://nshipster.cn/xcode-snippets/"
      }
    ]
  },
  "Open Source": {
    "content_title": "Open Source",
    "content_list": [
      {
        "title": "CocoaPods",
        "url": "https://nshipster.com/cocoapods/"
      },
      {
        "title": "Language Server Protocol",
        "url": "https://nshipster.com/language-server-protocol/"
      },
      {
        "title": "Swift Program Distribution with Homebrew",
        "url": "https://nshipster.com/homebrew/"
      },
      {
        "title": "swift-sh",
        "url": "https://nshipster.com/swift-sh/"
      }
    ],
    "content_title_cn": "Open Source",
    "content_list_cn": [
      {
        "title": "CocoaPods",
        "url": "https://nshipster.cn/cocoapods/"
      },
      {
        "title": "Language Server Protocol",
        "url": "https://nshipster.cn/language-server-protocol/"
      }
    ]
  },
  "Miscellaneous": {
    "content_title": "Miscellaneous",
    "content_list": [
      {
        "title": "Bug Reporting",
        "url": "https://nshipster.com/bug-reporting/"
      },
      {
        "title": "Configuration Profiles",
        "url": "https://nshipster.com/configuration-profiles/"
      },
      {
        "title": "Empathy",
        "url": "https://nshipster.com/empathy/"
      },
      {
        "title": "Image Resizing Techniques",
        "url": "https://nshipster.com/image-resizing/"
      },
      {
        "title": "Inter-Process Communication",
        "url": "https://nshipster.com/inter-process-communication/"
      },
      {
        "title": "MapKit JS",
        "url": "https://nshipster.com/mapkit-js/"
      },
      {
        "title": "Stewardship",
        "url": "https://nshipster.com/stewardship/"
      },
      {
        "title": "Swift Development with Visual Studio Code",
        "url": "https://nshipster.com/vscode/"
      },
      {
        "title": "WatchKit",
        "url": "https://nshipster.com/watchkit/"
      },
      {
        "title": "iCloud",
        "url": "https://nshipster.com/icloud/"
      },
      {
        "title": "iOS 12",
        "url": "https://nshipster.com/ios-12/"
      },
      {
        "title": "iOS 7",
        "url": "https://nshipster.com/ios7/"
      },
      {
        "title": "iOS 8",
        "url": "https://nshipster.com/ios8/"
      },
      {
        "title": "iOS 9",
        "url": "https://nshipster.com/ios9/"
      },
      {
        "title": "macOS Character Viewer",
        "url": "https://nshipster.com/character-viewer/"
      },
      {
        "title": "macOS Dynamic Desktop",
        "url": "https://nshipster.com/macos-dynamic-desktop/"
      },
      {
        "title": "\uf8ffPay",
        "url": "https://nshipster.com/apple-pay/"
      }
    ],
    "content_title_cn": "Miscellaneous",
    "content_list_cn": [
      {
        "title": "Configuration Profiles",
        "url": "https://nshipster.cn/configuration-profiles/"
      },
      {
        "title": "Empathy",
        "url": "https://nshipster.cn/empathy/"
      },
      {
        "title": "Reader Submissions - New Year's 2013",
        "url": "https://nshipster.cn/reader-submissions-new-years-2013/"
      },
      {
        "title": "WatchKit",
        "url": "https://nshipster.cn/watchkit/"
      },
      {
        "title": "iCloud",
        "url": "https://nshipster.cn/icloud/"
      },
      {
        "title": "iOS 12",
        "url": "https://nshipster.cn/ios-12/"
      },
      {
        "title": "iOS 7",
        "url": "https://nshipster.cn/ios7/"
      },
      {
        "title": "iOS 8",
        "url": "https://nshipster.cn/ios8/"
      },
      {
        "title": "iOS 9",
        "url": "https://nshipster.cn/ios9/"
      },
      {
        "title": "\uf8ffPay",
        "url": "https://nshipster.cn/apple-pay/"
      }
    ]
  },
  "Trivia": {
    "content_title": "Trivia",
    "content_list": [
      {
        "title": "NSHipster Quiz #1",
        "url": "https://nshipster.com/nshipster-quiz-1/"
      },
      {
        "title": "NSHipster Quiz #2",
        "url": "https://nshipster.com/nshipster-quiz-2/"
      },
      {
        "title": "NSHipster Quiz #3",
        "url": "https://nshipster.com/nshipster-quiz-3/"
      },
      {
        "title": "NSHipster Quiz #4",
        "url": "https://nshipster.com/nshipster-quiz-4/"
      },
      {
        "title": "NSHipster Quiz #5",
        "url": "https://nshipster.com/nshipster-quiz-5/"
      },
      {
        "title": "NSHipster Quiz #6",
        "url": "https://nshipster.com/nshipster-quiz-6/"
      },
      {
        "title": "NSHipster Quiz #7",
        "url": "https://nshipster.com/nshipster-quiz-7/"
      },
      {
        "title": "NSHipster Quiz #8",
        "url": "https://nshipster.com/nshipster-quiz-8/"
      }
    ]
  },
  "Objective-C": {
    "content_title": "Objective-C",
    "content_list": [
      {
        "title": "#pragma",
        "url": "https://nshipster.com/pragma/"
      },
      {
        "title": "@",
        "url": "https://nshipster.com/at-compiler-directives/"
      },
      {
        "title": "Associated Objects",
        "url": "https://nshipster.com/associated-objects/"
      },
      {
        "title": "BOOL / bool / Boolean / NSCFBoolean",
        "url": "https://nshipster.com/bool/"
      },
      {
        "title": "Benchmarking",
        "url": "https://nshipster.com/benchmarking/"
      },
      {
        "title": "C Storage Classes",
        "url": "https://nshipster.com/c-storage-classes/"
      },
      {
        "title": "Clang Diagnostics",
        "url": "https://nshipster.com/clang-diagnostics/"
      },
      {
        "title": "Equality",
        "url": "https://nshipster.com/equality/"
      },
      {
        "title": "Extended File Attributes",
        "url": "https://nshipster.com/extended-file-attributes/"
      },
      {
        "title": "Method Swizzling",
        "url": "https://nshipster.com/method-swizzling/"
      },
      {
        "title": "Namespacing",
        "url": "https://nshipster.com/namespacing/"
      },
      {
        "title": "Object Subscripting",
        "url": "https://nshipster.com/object-subscripting/"
      },
      {
        "title": "Objective-C Documentation",
        "url": "https://nshipster.com/objective-c-documentation/"
      },
      {
        "title": "Type Encodings",
        "url": "https://nshipster.com/type-encodings/"
      },
      {
        "title": "Unit Testing",
        "url": "https://nshipster.com/unit-testing/"
      },
      {
        "title": "__attribute__",
        "url": "https://nshipster.com/__attribute__/"
      },
      {
        "title": "instancetype",
        "url": "https://nshipster.com/instancetype/"
      },
      {
        "title": "nil / Nil / NULL / NSNull",
        "url": "https://nshipster.com/nil/"
      },
      {
        "title": "rand(3) / random(3) / arc4random(3) / et al.",
        "url": "https://nshipster.com/random/"
      }
    ],
    "content_title_cn": "Objective-C",
    "content_list_cn": [
      {
        "title": "#pragma",
        "url": "https://nshipster.cn/pragma/"
      },
      {
        "title": "@",
        "url": "https://nshipster.cn/at-compiler-directives/"
      },
      {
        "title": "Associated Objects",
        "url": "https://nshipster.cn/associated-objects/"
      },
      {
        "title": "BOOL / bool / Boolean / NSCFBoolean",
        "url": "https://nshipster.cn/bool/"
      },
      {
        "title": "Benchmarking",
        "url": "https://nshipster.cn/benchmarking/"
      },
      {
        "title": "C Storage Classes",
        "url": "https://nshipster.cn/c-storage-classes/"
      },
      {
        "title": "Clang Diagnostics",
        "url": "https://nshipster.cn/clang-diagnostics/"
      },
      {
        "title": "Documentation",
        "url": "https://nshipster.cn/documentation/"
      },
      {
        "title": "Equality",
        "url": "https://nshipster.cn/equality/"
      },
      {
        "title": "Extended File Attributes",
        "url": "https://nshipster.cn/extended-file-attributes/"
      },
      {
        "title": "Method Swizzling",
        "url": "https://nshipster.cn/method-swizzling/"
      },
      {
        "title": "Type Encodings",
        "url": "https://nshipster.cn/type-encodings/"
      },
      {
        "title": "__attribute__",
        "url": "https://nshipster.cn/__attribute__/"
      },
      {
        "title": "instancetype",
        "url": "https://nshipster.cn/instancetype/"
      },
      {
        "title": "namespacing",
        "url": "https://nshipster.cn/namespacing/"
      },
      {
        "title": "nil / Nil / NULL / NSNull",
        "url": "https://nshipster.cn/nil/"
      },
      {
        "title": "rand(3) / random(3) / arc4random(3) / et al.",
        "url": "https://nshipster.cn/random/"
      },
      {
        "title": "\u5bf9\u8c61\u4e0b\u6807\u7d22\u5f15",
        "url": "https://nshipster.cn/object-subscripting/"
      }
    ]
  }
}