[
  {
    "index": "1",
    "issue_title_cn": "\u66f4\u8f7b\u91cf\u7684 View Controllers",
    "issue_date_meta_cn": "#1 - 2013 \u5e74 7 \u6708",
    "issue_list_cn": [
      {
        "title": "\u4ecb\u7ecd",
        "url": "https://objccn.io/issue-1-0",
        "author": ""
      },
      {
        "title": "\u66f4\u8f7b\u91cf\u7684 View Controllers",
        "url": "https://objccn.io/issue-1-1",
        "author": ""
      },
      {
        "title": "\u6574\u6d01\u7684 Table View \u4ee3\u7801",
        "url": "https://objccn.io/issue-1-2",
        "author": ""
      },
      {
        "title": "\u6d4b\u8bd5 View Controllers",
        "url": "https://objccn.io/issue-1-3",
        "author": ""
      },
      {
        "title": "View Controller \u5bb9\u5668",
        "url": "https://objccn.io/issue-1-4",
        "author": ""
      }
    ],
    "issue_title": "Lighter View Controllers",
    "issue_date_meta": "#1 \u00b7 Jul 2013",
    "issue_list": [
      {
        "title": "Introduction",
        "url": "https://www.objc.io/issues/1-view-controllers/introduction/",
        "author": ""
      },
      {
        "title": "Lighter View Controllers",
        "url": "https://www.objc.io/issues/1-view-controllers/lighter-view-controllers/",
        "author": " Chris Eidhof "
      },
      {
        "title": "Clean Table View Code",
        "url": "https://www.objc.io/issues/1-view-controllers/table-views/",
        "author": " Florian Kugler "
      },
      {
        "title": "Testing View Controllers",
        "url": "https://www.objc.io/issues/1-view-controllers/testing-view-controllers/",
        "author": " Daniel Eggert "
      },
      {
        "title": "View Controller Containment",
        "url": "https://www.objc.io/issues/1-view-controllers/containment-view-controller/",
        "author": " Ricki Gregersen "
      }
    ]
  },
  {
    "index": "2",
    "issue_title_cn": "\u5e76\u53d1\u7f16\u7a0b",
    "issue_date_meta_cn": "#2 - 2013 \u5e74 8 \u6708",
    "issue_list_cn": [
      {
        "title": "\u5377\u9996\u8bed",
        "url": "https://objccn.io/issue-2-0",
        "author": ""
      },
      {
        "title": "\u5e76\u53d1\u7f16\u7a0b\uff1aAPI \u53ca\u6311\u6218",
        "url": "https://objccn.io/issue-2-1",
        "author": ""
      },
      {
        "title": "\u5e38\u89c1\u7684\u540e\u53f0\u5b9e\u8df5",
        "url": "https://objccn.io/issue-2-2",
        "author": ""
      },
      {
        "title": "\u5e95\u5c42\u5e76\u53d1 API",
        "url": "https://objccn.io/issue-2-3",
        "author": ""
      },
      {
        "title": "\u7ebf\u7a0b\u5b89\u5168\u7c7b\u7684\u8bbe\u8ba1",
        "url": "https://objccn.io/issue-2-4",
        "author": ""
      },
      {
        "title": "\u6d4b\u8bd5\u5e76\u53d1\u7a0b\u5e8f",
        "url": "https://objccn.io/issue-2-5",
        "author": ""
      }
    ],
    "issue_title": "Concurrent Programming",
    "issue_date_meta": "#2 \u00b7 Aug 2013",
    "issue_list": [
      {
        "title": "Editorial",
        "url": "https://www.objc.io/issues/2-concurrency/editorial/",
        "author": ""
      },
      {
        "title": "Concurrent Programming: APIs and Challenges",
        "url": "https://www.objc.io/issues/2-concurrency/concurrency-apis-and-pitfalls/",
        "author": " Florian Kugler "
      },
      {
        "title": "Common Background Practices",
        "url": "https://www.objc.io/issues/2-concurrency/common-background-practices/",
        "author": " Chris Eidhof "
      },
      {
        "title": "Low-Level Concurrency APIs",
        "url": "https://www.objc.io/issues/2-concurrency/low-level-concurrency-apis/",
        "author": " Daniel Eggert "
      },
      {
        "title": "Thread-Safe Class Design",
        "url": "https://www.objc.io/issues/2-concurrency/thread-safe-class-design/",
        "author": " Peter Steinberger "
      },
      {
        "title": "Testing Concurrent Applications",
        "url": "https://www.objc.io/issues/2-concurrency/async-testing/",
        "author": " Tobias Kr\u00e4ntzer "
      }
    ]
  },
  {
    "index": "3",
    "issue_title_cn": "\u89c6\u56fe",
    "issue_date_meta_cn": "#3 - 2013 \u5e74 8 \u6708",
    "issue_list_cn": [
      {
        "title": "\u5377\u9996\u8bed",
        "url": "https://objccn.io/issue-3-0",
        "author": ""
      },
      {
        "title": "\u7ed8\u5236\u50cf\u7d20\u5230\u5c4f\u5e55\u4e0a",
        "url": "https://objccn.io/issue-3-1",
        "author": ""
      },
      {
        "title": "\u7406\u89e3 Scroll Views",
        "url": "https://objccn.io/issue-3-2",
        "author": ""
      },
      {
        "title": "\u81ea\u5b9a\u4e49 Collection View \u5e03\u5c40",
        "url": "https://objccn.io/issue-3-3",
        "author": ""
      },
      {
        "title": "\u81ea\u5b9a\u4e49\u63a7\u4ef6",
        "url": "https://objccn.io/issue-3-4",
        "author": ""
      },
      {
        "title": "\u5148\u8fdb\u7684\u81ea\u52a8\u5e03\u5c40\u5de5\u5177\u7bb1",
        "url": "https://objccn.io/issue-3-5",
        "author": ""
      }
    ],
    "issue_title": "Views",
    "issue_date_meta": "#3 \u00b7 Aug 2013",
    "issue_list": [
      {
        "title": "Editorial",
        "url": "https://www.objc.io/issues/3-views/editorial/",
        "author": ""
      },
      {
        "title": "Getting Pixels onto the Screen",
        "url": "https://www.objc.io/issues/3-views/moving-pixels-onto-the-screen/",
        "author": " Daniel Eggert "
      },
      {
        "title": "Understanding Scroll Views",
        "url": "https://www.objc.io/issues/3-views/scroll-view/",
        "author": " Joe Conway "
      },
      {
        "title": "Custom Collection View Layouts",
        "url": "https://www.objc.io/issues/3-views/collection-view-layouts/",
        "author": " Ole Begemann "
      },
      {
        "title": "Custom Controls",
        "url": "https://www.objc.io/issues/3-views/custom-controls/",
        "author": " Chris Eidhof "
      },
      {
        "title": "Advanced Auto Layout Toolbox",
        "url": "https://www.objc.io/issues/3-views/advanced-auto-layout-toolbox/",
        "author": " Florian Kugler "
      }
    ]
  },
  {
    "index": "4",
    "issue_title_cn": "Core Data",
    "issue_date_meta_cn": "#4 - 2013 \u5e74 9 \u6708",
    "issue_list_cn": [
      {
        "title": "\u5377\u9996\u8bed",
        "url": "https://objccn.io/issue-4-0",
        "author": ""
      },
      {
        "title": "Core Data \u6982\u8ff0",
        "url": "https://objccn.io/issue-4-1",
        "author": ""
      },
      {
        "title": "\u4e00\u4e2a\u5b8c\u6574\u7684 Core Data \u5e94\u7528",
        "url": "https://objccn.io/issue-4-2",
        "author": ""
      },
      {
        "title": "\u7528 SQLite \u548c FMDB \u66ff\u4ee3 Core Data",
        "url": "https://objccn.io/issue-4-3",
        "author": ""
      },
      {
        "title": "\u6570\u636e\u6a21\u578b\u548c\u6a21\u578b\u5bf9\u8c61",
        "url": "https://objccn.io/issue-4-4",
        "author": ""
      },
      {
        "title": "\u5bfc\u5165\u5927\u6570\u636e\u96c6",
        "url": "https://objccn.io/issue-4-5",
        "author": ""
      },
      {
        "title": "Fetch \u8bf7\u6c42",
        "url": "https://objccn.io/issue-4-6",
        "author": ""
      },
      {
        "title": "\u81ea\u5b9a\u4e49 Core Data \u8fc1\u79fb",
        "url": "https://objccn.io/issue-4-7",
        "author": ""
      }
    ],
    "issue_title": "Core Data",
    "issue_date_meta": "#4 \u00b7 Sep 2013",
    "issue_list": [
      {
        "title": "Editorial",
        "url": "https://www.objc.io/issues/4-core-data/editorial/",
        "author": ""
      },
      {
        "title": "Core Data Overview",
        "url": "https://www.objc.io/issues/4-core-data/core-data-overview/",
        "author": " Daniel Eggert "
      },
      {
        "title": "A Complete Core Data Application",
        "url": "https://www.objc.io/issues/4-core-data/full-core-data-application/",
        "author": " Chris Eidhof "
      },
      {
        "title": "On Using SQLite and FMDB Instead of Core Data",
        "url": "https://www.objc.io/issues/4-core-data/SQLite-instead-of-core-data/",
        "author": " Brent Simmons "
      },
      {
        "title": "Data Models and Model Objects",
        "url": "https://www.objc.io/issues/4-core-data/core-data-models-and-model-objects/",
        "author": " Florian Kugler "
      },
      {
        "title": "Importing Large Data Sets",
        "url": "https://www.objc.io/issues/4-core-data/importing-large-data-sets-into-core-data/",
        "author": " Florian Kugler "
      },
      {
        "title": "Fetch Requests",
        "url": "https://www.objc.io/issues/4-core-data/core-data-fetch-requests/",
        "author": " Daniel Eggert "
      },
      {
        "title": "Custom Core Data Migrations",
        "url": "https://www.objc.io/issues/4-core-data/core-data-migration/",
        "author": " Martin Hwasser "
      }
    ]
  },
  {
    "index": "5",
    "issue_title_cn": "iOS 7",
    "issue_date_meta_cn": "#5 - 2013 \u5e74 10 \u6708",
    "issue_list_cn": [
      {
        "title": "\u5377\u9996\u8bed",
        "url": "https://objccn.io/issue-5-0",
        "author": ""
      },
      {
        "title": "\u521d\u8bc6 TextKit",
        "url": "https://objccn.io/issue-5-1",
        "author": ""
      },
      {
        "title": "UICollectionView + UIKit \u529b\u5b66",
        "url": "https://objccn.io/issue-5-2",
        "author": ""
      },
      {
        "title": "View Controller \u8f6c\u573a",
        "url": "https://objccn.io/issue-5-3",
        "author": ""
      },
      {
        "title": "\u4ece NSURLConnection \u5230 NSURLSession",
        "url": "https://objccn.io/issue-5-4",
        "author": ""
      },
      {
        "title": "iOS 7 \u7684\u591a\u4efb\u52a1",
        "url": "https://objccn.io/issue-5-5",
        "author": ""
      },
      {
        "title": "iOS 7 : \u9690\u85cf\u6280\u5de7\u548c\u53d8\u901a\u4e4b\u9053",
        "url": "https://objccn.io/issue-5-6",
        "author": ""
      },
      {
        "title": "\u4e3a iOS 7 \u91cd\u65b0\u8bbe\u8ba1 App",
        "url": "https://objccn.io/issue-5-7",
        "author": ""
      }
    ],
    "issue_title": "iOS 7",
    "issue_date_meta": "#5 \u00b7 Oct 2013",
    "issue_list": [
      {
        "title": "Editorial",
        "url": "https://www.objc.io/issues/5-ios7/editorial/",
        "author": ""
      },
      {
        "title": "Getting to Know TextKit",
        "url": "https://www.objc.io/issues/5-ios7/getting-to-know-textkit/",
        "author": " Max Seelemann "
      },
      {
        "title": "UICollectionView + UIKit Dynamics",
        "url": "https://www.objc.io/issues/5-ios7/collection-views-and-uidynamics/",
        "author": " Ash Furrow "
      },
      {
        "title": "View Controller Transitions",
        "url": "https://www.objc.io/issues/5-ios7/view-controller-transitions/",
        "author": " Chris Eidhof "
      },
      {
        "title": "From NSURLConnection to NSURLSession",
        "url": "https://www.objc.io/issues/5-ios7/from-nsurlconnection-to-nsurlsession/",
        "author": " Mattt Thompson "
      },
      {
        "title": "Multitasking in iOS 7",
        "url": "https://www.objc.io/issues/5-ios7/multitasking/",
        "author": " David Caunt "
      },
      {
        "title": "iOS 7: Hidden Gems and Workarounds",
        "url": "https://www.objc.io/issues/5-ios7/iOS7-hidden-gems-and-workarounds/",
        "author": " Peter Steinberger "
      },
      {
        "title": "Re-Designing an App for iOS 7",
        "url": "https://www.objc.io/issues/5-ios7/redesigning-for-ios-7/",
        "author": " Holger Riegel and Tobias Kre\u00df "
      }
    ]
  },
  {
    "index": "6",
    "issue_title_cn": "Build \u5de5\u5177",
    "issue_date_meta_cn": "#6 - 2013 \u5e74 11 \u6708",
    "issue_list_cn": [
      {
        "title": "\u5377\u9996\u8bed",
        "url": "https://objccn.io/issue-6-0",
        "author": ""
      },
      {
        "title": "Build \u8fc7\u7a0b",
        "url": "https://objccn.io/issue-6-1",
        "author": ""
      },
      {
        "title": "\u7f16\u8bd1\u5668",
        "url": "https://objccn.io/issue-6-2",
        "author": ""
      },
      {
        "title": "Mach-O \u53ef\u6267\u884c\u6587\u4ef6",
        "url": "https://objccn.io/issue-6-3",
        "author": ""
      },
      {
        "title": "\u6df1\u5165\u7406\u89e3 CocoaPods",
        "url": "https://objccn.io/issue-6-4",
        "author": ""
      },
      {
        "title": "\u4e3a iOS \u5efa\u7acb Travis CI",
        "url": "https://objccn.io/issue-6-5",
        "author": ""
      }
    ],
    "issue_title": "Build Tools",
    "issue_date_meta": "#6 \u00b7 Nov 2013",
    "issue_list": [
      {
        "title": "Editorial",
        "url": "https://www.objc.io/issues/6-build-tools/editorial/",
        "author": ""
      },
      {
        "title": "The Build Process",
        "url": "https://www.objc.io/issues/6-build-tools/build-process/",
        "author": " Florian Kugler "
      },
      {
        "title": "The Compiler",
        "url": "https://www.objc.io/issues/6-build-tools/compiler/",
        "author": " Chris Eidhof "
      },
      {
        "title": "Mach-O Executables",
        "url": "https://www.objc.io/issues/6-build-tools/mach-o-executables/",
        "author": " Daniel Eggert "
      },
      {
        "title": "CocoaPods Under The Hood",
        "url": "https://www.objc.io/issues/6-build-tools/cocoapods-under-the-hood/",
        "author": " Michele Titolo "
      },
      {
        "title": "Travis CI for iOS",
        "url": "https://www.objc.io/issues/6-build-tools/travis-ci/",
        "author": " Mattes Groeger "
      }
    ]
  },
  {
    "index": "7",
    "issue_title_cn": "Foundation",
    "issue_date_meta_cn": "#7 - 2013 \u5e74 12 \u6708",
    "issue_list_cn": [
      {
        "title": "\u5377\u9996\u8bed",
        "url": "https://objccn.io/issue-7-0",
        "author": ""
      },
      {
        "title": "\u57fa\u7840\u96c6\u5408\u7c7b",
        "url": "https://objccn.io/issue-7-1",
        "author": ""
      },
      {
        "title": "\u503c\u5bf9\u8c61",
        "url": "https://objccn.io/issue-7-2",
        "author": ""
      },
      {
        "title": "KVC \u548c KVO",
        "url": "https://objccn.io/issue-7-3",
        "author": ""
      },
      {
        "title": "\u6d88\u606f\u4f20\u9012\u673a\u5236",
        "url": "https://objccn.io/issue-7-4",
        "author": ""
      },
      {
        "title": "\u81ea\u5b9a\u4e49 Formatters",
        "url": "https://objccn.io/issue-7-5",
        "author": ""
      },
      {
        "title": "\u8bed\u8a00\u6807\u7b7e",
        "url": "https://objccn.io/issue-7-6",
        "author": ""
      }
    ],
    "issue_title": "Foundation",
    "issue_date_meta": "#7 \u00b7 Dec 2013",
    "issue_list": [
      {
        "title": "Editorial",
        "url": "https://www.objc.io/issues/7-foundation/editorial/",
        "author": ""
      },
      {
        "title": "The Foundation Collection Classes",
        "url": "https://www.objc.io/issues/7-foundation/collections/",
        "author": " Peter Steinberger "
      },
      {
        "title": "Value Objects",
        "url": "https://www.objc.io/issues/7-foundation/value-objects/",
        "author": " Chris Eidhof "
      },
      {
        "title": "Key-Value Coding and Observing",
        "url": "https://www.objc.io/issues/7-foundation/key-value-coding-and-observing/",
        "author": " Daniel Eggert "
      },
      {
        "title": "Communication Patterns",
        "url": "https://www.objc.io/issues/7-foundation/communication-patterns/",
        "author": " Florian Kugler "
      },
      {
        "title": "Custom Formatters",
        "url": "https://www.objc.io/issues/7-foundation/nsformatter/",
        "author": " Klaas Pieter Annema "
      },
      {
        "title": "Linguistic Tagging",
        "url": "https://www.objc.io/issues/7-foundation/linguistic-tagging/",
        "author": " Oliver Mason "
      }
    ]
  },
  {
    "index": "8",
    "issue_title_cn": "\u56db\u8f74\u65e0\u4eba\u673a\u9879\u76ee",
    "issue_date_meta_cn": "#8 - 2014 \u5e74 1 \u6708",
    "issue_list_cn": [
      {
        "title": "\u5377\u9996\u8bed",
        "url": "https://objccn.io/issue-8-0",
        "author": ""
      },
      {
        "title": "\u9879\u76ee\u4ecb\u7ecd",
        "url": "https://objccn.io/issue-8-1",
        "author": ""
      },
      {
        "title": "\u4e0e\u56db\u8f74\u65e0\u4eba\u673a\u7684\u901a\u8baf",
        "url": "https://objccn.io/issue-8-2",
        "author": ""
      },
      {
        "title": "\u5bfc\u822a\u5e94\u7528",
        "url": "https://objccn.io/issue-8-3",
        "author": ""
      },
      {
        "title": "\u5ba2\u6237\u7aef",
        "url": "https://objccn.io/issue-8-4",
        "author": ""
      }
    ],
    "issue_title": "Quadcopter Project",
    "issue_date_meta": "#8 \u00b7 Jan 2014",
    "issue_list": [
      {
        "title": "Editorial",
        "url": "https://www.objc.io/issues/8-quadcopter/editorial/",
        "author": ""
      },
      {
        "title": "The Project",
        "url": "https://www.objc.io/issues/8-quadcopter/the-quadcopter-project/",
        "author": " Florian Kugler "
      },
      {
        "title": "Communicating with the Quadcopter",
        "url": "https://www.objc.io/issues/8-quadcopter/communicating-with-the-quadcopter/",
        "author": " Daniel Eggert "
      },
      {
        "title": "The Navigator App",
        "url": "https://www.objc.io/issues/8-quadcopter/the-quadcopter-navigator-app/",
        "author": " Chris Eidhof "
      },
      {
        "title": "The Client App",
        "url": "https://www.objc.io/issues/8-quadcopter/the-quadcopter-client-app/",
        "author": " Florian Kugler "
      }
    ]
  },
  {
    "index": "9",
    "issue_title_cn": "\u5b57\u7b26\u4e32",
    "issue_date_meta_cn": "#9 - 2014 \u5e74 2 \u6708",
    "issue_list_cn": [
      {
        "title": "\u5377\u9996\u8bed",
        "url": "https://objccn.io/issue-9-0",
        "author": ""
      },
      {
        "title": "NSString \u4e0e Unicode",
        "url": "https://objccn.io/issue-9-1",
        "author": ""
      },
      {
        "title": "\u73a9\u8f6c\u5b57\u7b26\u4e32",
        "url": "https://objccn.io/issue-9-2",
        "author": ""
      },
      {
        "title": "\u5b57\u7b26\u4e32\u672c\u5730\u5316",
        "url": "https://objccn.io/issue-9-3",
        "author": ""
      },
      {
        "title": "\u5b57\u7b26\u4e32\u89e3\u6790",
        "url": "https://objccn.io/issue-9-4",
        "author": ""
      },
      {
        "title": "\u5b57\u7b26\u4e32\u6e32\u67d3",
        "url": "https://objccn.io/issue-9-5",
        "author": ""
      }
    ],
    "issue_title": "Strings",
    "issue_date_meta": "#9 \u00b7 Feb 2014",
    "issue_list": [
      {
        "title": "Editorial",
        "url": "https://www.objc.io/issues/9-strings/editorial/",
        "author": ""
      },
      {
        "title": "NSString and Unicode",
        "url": "https://www.objc.io/issues/9-strings/unicode/",
        "author": " Ole Begemann "
      },
      {
        "title": "Working with Strings",
        "url": "https://www.objc.io/issues/9-strings/working-with-strings/",
        "author": " Daniel Eggert "
      },
      {
        "title": "String Localization",
        "url": "https://www.objc.io/issues/9-strings/string-localization/",
        "author": " Florian Kugler "
      },
      {
        "title": "String Parsing",
        "url": "https://www.objc.io/issues/9-strings/string-parsing/",
        "author": " Chris Eidhof "
      },
      {
        "title": "String Rendering",
        "url": "https://www.objc.io/issues/9-strings/string-rendering/",
        "author": " Chris Eidhof, Daniel Eggert, and Florian Kugler "
      }
    ]
  },
  {
    "index": "10",
    "issue_title_cn": "\u540c\u6b65\u6570\u636e",
    "issue_date_meta_cn": "#10 - 2014 \u5e74 3 \u6708",
    "issue_list_cn": [
      {
        "title": "\u5377\u9996\u8bed",
        "url": "https://objccn.io/issue-10-0",
        "author": ""
      },
      {
        "title": "\u6570\u636e\u540c\u6b65",
        "url": "https://objccn.io/issue-10-1",
        "author": ""
      },
      {
        "title": "iCloud \u548c Core Data",
        "url": "https://objccn.io/issue-10-2",
        "author": ""
      },
      {
        "title": "\u7cbe\u901a iCloud \u6587\u6863\u5b58\u50a8",
        "url": "https://objccn.io/issue-10-3",
        "author": ""
      },
      {
        "title": "\u540c\u6b65\u6848\u4f8b\u5b66\u4e60",
        "url": "https://objccn.io/issue-10-4",
        "author": ""
      },
      {
        "title": "Core Data \u7f51\u7edc\u5e94\u7528\u5b9e\u4f8b",
        "url": "https://objccn.io/issue-10-5",
        "author": ""
      },
      {
        "title": "IP\uff0cTCP \u548c HTTP",
        "url": "https://objccn.io/issue-10-6",
        "author": ""
      }
    ],
    "issue_title": "Syncing Data",
    "issue_date_meta": "#10 \u00b7 Mar 2014",
    "issue_list": [
      {
        "title": "Editorial",
        "url": "https://www.objc.io/issues/10-syncing-data/editorial/",
        "author": ""
      },
      {
        "title": "Data Synchronization",
        "url": "https://www.objc.io/issues/10-syncing-data/data-synchronization/",
        "author": " Drew McCormack "
      },
      {
        "title": "iCloud and Core Data",
        "url": "https://www.objc.io/issues/10-syncing-data/icloud-core-data/",
        "author": " Matthew Bischoff and Brian Capps "
      },
      {
        "title": "Mastering the iCloud Document Store",
        "url": "https://www.objc.io/issues/10-syncing-data/icloud-document-store/",
        "author": " Friedrich Gr\u00e4ter and Max Seelemann "
      },
      {
        "title": "A Sync Case Study",
        "url": "https://www.objc.io/issues/10-syncing-data/sync-case-study/",
        "author": " Florian Kugler "
      },
      {
        "title": "A Networked Core Data Application",
        "url": "https://www.objc.io/issues/10-syncing-data/networked-core-data-application/",
        "author": " Chris Eidhof "
      },
      {
        "title": "IP, TCP, and HTTP",
        "url": "https://www.objc.io/issues/10-syncing-data/ip-tcp-http/",
        "author": " Daniel Eggert "
      }
    ]
  },
  {
    "index": "11",
    "issue_title_cn": "Android",
    "issue_date_meta_cn": "#11 - 2014 \u5e74 4 \u6708",
    "issue_list_cn": [
      {
        "title": "\u5377\u9996\u8bed",
        "url": "https://objccn.io/issue-11-0",
        "author": ""
      },
      {
        "title": "iOS \u5f00\u53d1\u8005\u7684 Android \u7b2c\u4e00\u8bfe",
        "url": "https://objccn.io/issue-11-1",
        "author": ""
      },
      {
        "title": "Android Intents",
        "url": "https://objccn.io/issue-11-2",
        "author": ""
      },
      {
        "title": "\u54cd\u5e94\u5f0f Android \u5e94\u7528",
        "url": "https://objccn.io/issue-11-3",
        "author": ""
      },
      {
        "title": "Android \u901a\u77e5\u4e2d\u5fc3",
        "url": "https://objccn.io/issue-11-4",
        "author": ""
      },
      {
        "title": "Android \u4e2d\u7684 SQLite \u6570\u636e\u5e93\u652f\u6301",
        "url": "https://objccn.io/issue-11-5",
        "author": ""
      },
      {
        "title": "\u4f9d\u8d56\u6ce8\u5165\u548c\u6ce8\u89e3\uff0c\u4e3a\u4ec0\u4e48 Java \u6bd4\u4f60\u60f3\u8c61\u7684\u8981\u597d",
        "url": "https://objccn.io/issue-11-6",
        "author": ""
      }
    ],
    "issue_title": "Android",
    "issue_date_meta": "#11 \u00b7 Apr 2014",
    "issue_list": [
      {
        "title": "Editorial",
        "url": "https://www.objc.io/issues/11-android/editorial/",
        "author": ""
      },
      {
        "title": "Android 101 for iOS Developers",
        "url": "https://www.objc.io/issues/11-android/android_101_for_ios_developers/",
        "author": " Stephen Barnes "
      },
      {
        "title": "Android Intents",
        "url": "https://www.objc.io/issues/11-android/android-intents/",
        "author": " Martin Marconcini "
      },
      {
        "title": "Responsive Android Applications",
        "url": "https://www.objc.io/issues/11-android/responsive-android-applications/",
        "author": " Chris Stewart "
      },
      {
        "title": "Android\u2019s Notification Center",
        "url": "https://www.objc.io/issues/11-android/android-notifications/",
        "author": " Kevin Grant "
      },
      {
        "title": "SQLite Database Support in Android",
        "url": "https://www.objc.io/issues/11-android/sqlite-database-support-in-android/",
        "author": " James Kelso "
      },
      {
        "title": "Dependency Injection, Annotations, and why Java is Better Than you Think it is",
        "url": "https://www.objc.io/issues/11-android/dependency-injection-in-java/",
        "author": " Bill Phillips "
      }
    ]
  },
  {
    "index": "12",
    "issue_title_cn": "\u52a8\u753b",
    "issue_date_meta_cn": "#12 - 2014 \u5e74 5 \u6708",
    "issue_list_cn": [
      {
        "title": "\u5377\u9996\u8bed",
        "url": "https://objccn.io/issue-12-0",
        "author": ""
      },
      {
        "title": "\u52a8\u753b\u89e3\u91ca",
        "url": "https://objccn.io/issue-12-1",
        "author": ""
      },
      {
        "title": "Layer \u4e2d\u81ea\u5b9a\u4e49\u5c5e\u6027\u7684\u52a8\u753b",
        "url": "https://objccn.io/issue-12-2",
        "author": ""
      },
      {
        "title": "\u81ea\u5b9a\u4e49 ViewController \u5bb9\u5668\u8f6c\u573a",
        "url": "https://objccn.io/issue-12-3",
        "author": ""
      },
      {
        "title": "View-Layer \u534f\u4f5c",
        "url": "https://objccn.io/issue-12-4",
        "author": ""
      },
      {
        "title": "Collection View \u52a8\u753b",
        "url": "https://objccn.io/issue-12-5",
        "author": ""
      },
      {
        "title": "\u4ea4\u4e92\u5f0f\u52a8\u753b",
        "url": "https://objccn.io/issue-12-6",
        "author": ""
      }
    ],
    "issue_title": "Animations",
    "issue_date_meta": "#12 \u00b7 May 2014",
    "issue_list": [
      {
        "title": "Editorial",
        "url": "https://www.objc.io/issues/12-animations/editorial/",
        "author": ""
      },
      {
        "title": "Animations Explained",
        "url": "https://www.objc.io/issues/12-animations/animations-explained/",
        "author": " Robert B\u00f6hnke "
      },
      {
        "title": "Animating Custom Layer Properties",
        "url": "https://www.objc.io/issues/12-animations/animating-custom-layer-properties/",
        "author": " Nick Lockwood "
      },
      {
        "title": "Custom Container View Controller Transitions",
        "url": "https://www.objc.io/issues/12-animations/custom-container-view-controller-transitions/",
        "author": " Joachim Bondo "
      },
      {
        "title": "View-Layer Synergy",
        "url": "https://www.objc.io/issues/12-animations/view-layer-synergy/",
        "author": " David R\u00f6nnqvist "
      },
      {
        "title": "Animating Collection Views",
        "url": "https://www.objc.io/issues/12-animations/collectionview-animations/",
        "author": " Engin Kurutepe "
      },
      {
        "title": "Interactive Animations",
        "url": "https://www.objc.io/issues/12-animations/interactive-animations/",
        "author": " Chris Eidhof and Florian Kugler "
      }
    ]
  },
  {
    "index": "13",
    "issue_title_cn": "\u67b6\u6784",
    "issue_date_meta_cn": "#13 - 2014 \u5e74 6 \u6708",
    "issue_list_cn": [
      {
        "title": "\u5377\u9996\u8bed",
        "url": "https://objccn.io/issue-13-0",
        "author": ""
      },
      {
        "title": "MVVM \u4ecb\u7ecd",
        "url": "https://objccn.io/issue-13-1",
        "author": ""
      },
      {
        "title": "\u907f\u514d\u6ee5\u7528\u5355\u4f8b",
        "url": "https://objccn.io/issue-13-2",
        "author": ""
      },
      {
        "title": "iOS \u4e2d\u7684\u884c\u4e3a",
        "url": "https://objccn.io/issue-13-3",
        "author": ""
      },
      {
        "title": "\u5b50\u7c7b",
        "url": "https://objccn.io/issue-13-4",
        "author": ""
      },
      {
        "title": "\u4f7f\u7528 VIPER \u6784\u5efa iOS \u5e94\u7528",
        "url": "https://objccn.io/issue-13-5",
        "author": ""
      }
    ],
    "issue_title": "Architecture",
    "issue_date_meta": "#13 \u00b7 Jun 2014",
    "issue_list": [
      {
        "title": "Editorial",
        "url": "https://www.objc.io/issues/13-architecture/editorial/",
        "author": ""
      },
      {
        "title": "Introduction to MVVM",
        "url": "https://www.objc.io/issues/13-architecture/mvvm/",
        "author": " Ash Furrow "
      },
      {
        "title": "Avoiding Singleton Abuse",
        "url": "https://www.objc.io/issues/13-architecture/singletons/",
        "author": " Stephen Poletto "
      },
      {
        "title": "Behaviors in iOS Apps",
        "url": "https://www.objc.io/issues/13-architecture/behaviors/",
        "author": " Krzysztof Zab\u0142ocki "
      },
      {
        "title": "Subclassing",
        "url": "https://www.objc.io/issues/13-architecture/subclassing/",
        "author": " Chris Eidhof "
      },
      {
        "title": "Architecting iOS Apps with VIPER",
        "url": "https://www.objc.io/issues/13-architecture/viper/",
        "author": " Jeff Gilbert and Conrad Stoll "
      }
    ]
  },
  {
    "index": "14",
    "issue_title_cn": "\u56de\u5230 Mac",
    "issue_date_meta_cn": "#14 - 2014 \u5e74 7 \u6708",
    "issue_list_cn": [
      {
        "title": "\u5377\u9996\u8bed",
        "url": "https://objccn.io/issue-14-0",
        "author": ""
      },
      {
        "title": "\u4f7f Mac \u5e94\u7528\u6570\u636e\u811a\u672c\u5316",
        "url": "https://objccn.io/issue-14-1",
        "author": ""
      },
      {
        "title": "\u5728\u6c99\u76d2\u4e2d\u7f16\u5199\u811a\u672c",
        "url": "https://objccn.io/issue-14-2",
        "author": ""
      },
      {
        "title": "\u63d2\u4ef6",
        "url": "https://objccn.io/issue-14-3",
        "author": ""
      },
      {
        "title": "XPC",
        "url": "https://objccn.io/issue-14-4",
        "author": ""
      },
      {
        "title": "\u4ece UIKit \u5230 AppKit",
        "url": "https://objccn.io/issue-14-5",
        "author": ""
      }
    ],
    "issue_title": "Back to the Mac",
    "issue_date_meta": "#14 \u00b7 Jul 2014",
    "issue_list": [
      {
        "title": "Editorial",
        "url": "https://www.objc.io/issues/14-mac/editorial/",
        "author": ""
      },
      {
        "title": "Making Your Mac App\u2019s Data Scriptable",
        "url": "https://www.objc.io/issues/14-mac/scripting-data/",
        "author": " Brent Simmons "
      },
      {
        "title": "Scripting from a Sandbox",
        "url": "https://www.objc.io/issues/14-mac/sandbox-scripting/",
        "author": " Craig Hockenberry "
      },
      {
        "title": "Plugins",
        "url": "https://www.objc.io/issues/14-mac/plugins/",
        "author": " Gus Mueller "
      },
      {
        "title": "XPC",
        "url": "https://www.objc.io/issues/14-mac/xpc/",
        "author": " Daniel Eggert "
      },
      {
        "title": "AppKit for UIKit Developers",
        "url": "https://www.objc.io/issues/14-mac/appkit-for-uikit-developers/",
        "author": " Florian Kugler "
      }
    ]
  },
  {
    "index": "15",
    "issue_title_cn": "\u6d4b\u8bd5",
    "issue_date_meta_cn": "#15 - 2014 \u5e74 8 \u6708",
    "issue_list_cn": [
      {
        "title": "\u5377\u9996\u8bed",
        "url": "https://objccn.io/issue-15-0",
        "author": ""
      },
      {
        "title": "\u884c\u4e3a\u9a71\u52a8\u5f00\u53d1",
        "url": "https://objccn.io/issue-15-1",
        "author": ""
      },
      {
        "title": "XCTest \u6d4b\u8bd5\u5b9e\u6218",
        "url": "https://objccn.io/issue-15-2",
        "author": ""
      },
      {
        "title": "\u4f9d\u8d56\u6ce8\u5165",
        "url": "https://objccn.io/issue-15-3",
        "author": ""
      },
      {
        "title": "\u7cdf\u7cd5\u7684\u6d4b\u8bd5",
        "url": "https://objccn.io/issue-15-4",
        "author": ""
      },
      {
        "title": "\u7f6e\u6362\u6d4b\u8bd5: Mock, Stub \u548c\u5176\u4ed6",
        "url": "https://objccn.io/issue-15-5",
        "author": ""
      },
      {
        "title": "UI \u6d4b\u8bd5",
        "url": "https://objccn.io/issue-15-6",
        "author": ""
      },
      {
        "title": "\u622a\u56fe\u6d4b\u8bd5",
        "url": "https://objccn.io/issue-15-7",
        "author": ""
      }
    ],
    "issue_title": "Testing",
    "issue_date_meta": "#15 \u00b7 Aug 2014",
    "issue_list": [
      {
        "title": "Editorial",
        "url": "https://www.objc.io/issues/15-testing/editorial/",
        "author": ""
      },
      {
        "title": "Behavior-Driven Development",
        "url": "https://www.objc.io/issues/15-testing/behavior-driven-development/",
        "author": " Pawel Dudek "
      },
      {
        "title": "Real-World Testing with XCTest",
        "url": "https://www.objc.io/issues/15-testing/xctest/",
        "author": " Arne Schroppe and Daniel Eggert "
      },
      {
        "title": "Dependency Injection",
        "url": "https://www.objc.io/issues/15-testing/dependency-injection/",
        "author": " Jon Reid "
      },
      {
        "title": "Bad Testing Practices",
        "url": "https://www.objc.io/issues/15-testing/bad-testing-practices/",
        "author": " Luis Solano "
      },
      {
        "title": "Test Doubles: Mocks, Stubs, and More",
        "url": "https://www.objc.io/issues/15-testing/mocking-stubbing/",
        "author": " Mike Lazer-Walker "
      },
      {
        "title": "User Interface Testing",
        "url": "https://www.objc.io/issues/15-testing/user-interface-testing/",
        "author": " Klaas Pieter Annema "
      },
      {
        "title": "Snapshot Testing",
        "url": "https://www.objc.io/issues/15-testing/snapshot-testing/",
        "author": " Orta Therox "
      }
    ]
  },
  {
    "index": "16",
    "issue_title_cn": "Swift",
    "issue_date_meta_cn": "#16 - 2014 \u5e74 9 \u6708",
    "issue_list_cn": [
      {
        "title": "\u5377\u9996\u8bed",
        "url": "https://objccn.io/issue-16-0",
        "author": ""
      },
      {
        "title": "Swift \u7684\u5f3a\u5927\u4e4b\u5904",
        "url": "https://objccn.io/issue-16-1",
        "author": ""
      },
      {
        "title": "\u7ed3\u6784\u4f53\u548c\u503c\u7c7b\u578b",
        "url": "https://objccn.io/issue-16-2",
        "author": ""
      },
      {
        "title": "Swift \u65b9\u6cd5\u7684\u591a\u9762\u6027",
        "url": "https://objccn.io/issue-16-3",
        "author": ""
      },
      {
        "title": "Swift \u7684\u51fd\u6570\u5f0f API",
        "url": "https://objccn.io/issue-16-4",
        "author": ""
      },
      {
        "title": "Playground \u5feb\u901f\u539f\u578b\u5236\u4f5c",
        "url": "https://objccn.io/issue-16-5",
        "author": ""
      }
    ],
    "issue_title": "Swift",
    "issue_date_meta": "#16 \u00b7 Sep 2014",
    "issue_list": [
      {
        "title": "Editorial",
        "url": "https://www.objc.io/issues/16-swift/editorial/",
        "author": ""
      },
      {
        "title": "The Power of Swift",
        "url": "https://www.objc.io/issues/16-swift/power-of-swift/",
        "author": " Chris Eidhof "
      },
      {
        "title": "A Warm Welcome to Structs and Value Types",
        "url": "https://www.objc.io/issues/16-swift/swift-classes-vs-structs/",
        "author": " Andy Matuschak "
      },
      {
        "title": "The Many Faces of Swift Functions",
        "url": "https://www.objc.io/issues/16-swift/swift-functions/",
        "author": " Natasha Murashev "
      },
      {
        "title": "Functional APIs with Swift",
        "url": "https://www.objc.io/issues/16-swift/functional-swift-apis/",
        "author": " Florian Kugler "
      },
      {
        "title": "Rapid Prototyping in Swift Playgrounds",
        "url": "https://www.objc.io/issues/16-swift/rapid-prototyping-in-swift-playgrounds/",
        "author": " Brad Larson "
      }
    ]
  },
  {
    "index": "17",
    "issue_title_cn": "\u5b89\u5168",
    "issue_date_meta_cn": "#17 - 2014 \u5e74 10 \u6708",
    "issue_list_cn": [
      {
        "title": "\u5377\u9996\u8bed",
        "url": "https://objccn.io/issue-17-0",
        "author": ""
      },
      {
        "title": "\u4e3a\u4ec0\u4e48\u4eca\u5929\u5b89\u5168\u4ecd\u7136\u91cd\u8981",
        "url": "https://objccn.io/issue-17-1",
        "author": ""
      },
      {
        "title": "\u4ee3\u7801\u7b7e\u540d\u63a2\u6790",
        "url": "https://objccn.io/issue-17-2",
        "author": ""
      },
      {
        "title": "\u6536\u636e\u9a8c\u8bc1",
        "url": "https://objccn.io/issue-17-3",
        "author": ""
      }
    ],
    "issue_title": "Security",
    "issue_date_meta": "#17 \u00b7 Oct 2014",
    "issue_list": [
      {
        "title": "Editorial",
        "url": "https://www.objc.io/issues/17-security/editorial/",
        "author": ""
      },
      {
        "title": "Why Security Still Matters Today",
        "url": "https://www.objc.io/issues/17-security/why-security/",
        "author": " Graham Lee "
      },
      {
        "title": "Inside Code Signing",
        "url": "https://www.objc.io/issues/17-security/inside-code-signing/",
        "author": " Thomas 'toto' Kollbach "
      },
      {
        "title": "Receipt Validation",
        "url": "https://www.objc.io/issues/17-security/receipt-validation/",
        "author": " Laurent Etiemble "
      }
    ]
  },
  {
    "index": "18",
    "issue_title_cn": "\u6e38\u620f",
    "issue_date_meta_cn": "#18 - 2014 \u5e74 11 \u6708",
    "issue_list_cn": [
      {
        "title": "\u5377\u9996\u8bed",
        "url": "https://objccn.io/issue-18-0",
        "author": ""
      },
      {
        "title": "\u8bbe\u8ba1\u4f18\u96c5\u7684\u79fb\u52a8\u6e38\u620f",
        "url": "https://objccn.io/issue-18-1",
        "author": ""
      },
      {
        "title": "Metal",
        "url": "https://objccn.io/issue-18-2",
        "author": ""
      },
      {
        "title": "Scene Kit",
        "url": "https://objccn.io/issue-18-3",
        "author": ""
      },
      {
        "title": "\u6e38\u620f\u4e2d\u7684\u591a\u70b9\u4e92\u8054",
        "url": "https://objccn.io/issue-18-4",
        "author": ""
      },
      {
        "title": "\u865a\u62df\u97f3\u57df - \u58f0\u97f3\u8bbe\u8ba1\u7684\u827a\u672f",
        "url": "https://objccn.io/issue-18-5",
        "author": ""
      }
    ],
    "issue_title": "Games",
    "issue_date_meta": "#18 \u00b7 Nov 2014",
    "issue_list": [
      {
        "title": "Editorial",
        "url": "https://www.objc.io/issues/18-games/editorial/",
        "author": ""
      },
      {
        "title": "Designing Elegant Mobile Games",
        "url": "https://www.objc.io/issues/18-games/designing-elegant-mobile-games/",
        "author": " Mike Lazer-Walker "
      },
      {
        "title": "Metal",
        "url": "https://www.objc.io/issues/18-games/metal/",
        "author": " Max Christ and Warren Moore "
      },
      {
        "title": "Scene Kit",
        "url": "https://www.objc.io/issues/18-games/scenekit/",
        "author": " David R\u00f6nnqvist "
      },
      {
        "title": "Multipeer Connectivity in Games",
        "url": "https://www.objc.io/issues/18-games/multipeer-connectivity-for-games/",
        "author": " JP Simard "
      },
      {
        "title": "Virtual Soundscapes: The Art of Sound Design",
        "url": "https://www.objc.io/issues/18-games/sound-design/",
        "author": " Janie Clayton "
      }
    ]
  },
  {
    "index": "19",
    "issue_title_cn": "\u8c03\u8bd5",
    "issue_date_meta_cn": "#19 - 2014 \u5e74 12 \u6708",
    "issue_list_cn": [
      {
        "title": "\u5377\u9996\u8bed",
        "url": "https://objccn.io/issue-19-0",
        "author": ""
      },
      {
        "title": "\u8c03\u8bd5\uff1a\u6848\u4f8b\u5b66\u4e60",
        "url": "https://objccn.io/issue-19-1",
        "author": ""
      },
      {
        "title": "\u4e0e\u8c03\u8bd5\u5668\u5171\u821e - LLDB \u7684\u534e\u5c14\u5179",
        "url": "https://objccn.io/issue-19-2",
        "author": ""
      },
      {
        "title": "\u8c03\u8bd5\u6838\u5bf9\u6e05\u5355",
        "url": "https://objccn.io/issue-19-3",
        "author": ""
      },
      {
        "title": "DTrace",
        "url": "https://objccn.io/issue-19-4",
        "author": ""
      },
      {
        "title": "\u6d3b\u52a8\u8ffd\u8e2a",
        "url": "https://objccn.io/issue-19-5",
        "author": ""
      }
    ],
    "issue_title": "Debugging",
    "issue_date_meta": "#19 \u00b7 Dec 2014",
    "issue_list": [
      {
        "title": "Editorial",
        "url": "https://www.objc.io/issues/19-debugging/editorial/",
        "author": ""
      },
      {
        "title": "Debugging: A Case Study",
        "url": "https://www.objc.io/issues/19-debugging/debugging-case-study/",
        "author": " Peter Steinberger "
      },
      {
        "title": "Dancing in the Debugger \u2014 A Waltz with LLDB",
        "url": "https://www.objc.io/issues/19-debugging/lldb-debugging/",
        "author": " Ari Grant "
      },
      {
        "title": "Debugging Checklist",
        "url": "https://www.objc.io/issues/19-debugging/debugging-checklist/",
        "author": " Chris Eidhof "
      },
      {
        "title": "DTrace",
        "url": "https://www.objc.io/issues/19-debugging/dtrace/",
        "author": " Daniel Eggert "
      },
      {
        "title": "Activity Tracing",
        "url": "https://www.objc.io/issues/19-debugging/activity-tracing/",
        "author": " Florian Kugler "
      }
    ]
  },
  {
    "index": "20",
    "issue_title_cn": "\u8bbf\u8c08",
    "issue_date_meta_cn": "#20 - 2015 \u5e74 1 \u6708",
    "issue_list_cn": [
      {
        "title": "\u5377\u9996\u8bed",
        "url": "https://objccn.io/issue-20-0",
        "author": ""
      },
      {
        "title": "\u7ec8\u8eab\u5b66\u4e60\u7684\u4e00\u4ee3\u4eba",
        "url": "https://objccn.io/issue-20-1",
        "author": ""
      },
      {
        "title": "\u8ba9\u4e1c\u897f\u53d8\u5f97\u4e0d\u90a3\u4e48\u7cdf",
        "url": "https://objccn.io/issue-20-2",
        "author": ""
      },
      {
        "title": "\u5b66\u65e0\u6b62\u5883",
        "url": "https://objccn.io/issue-20-3",
        "author": ""
      }
    ],
    "issue_title": "Interviews",
    "issue_date_meta": "#20 \u00b7 Jan 2015",
    "issue_list": [
      {
        "title": "Editorial",
        "url": "https://www.objc.io/issues/20-interviews/editorial/",
        "author": ""
      },
      {
        "title": "A Generation of Lifelong Learners",
        "url": "https://www.objc.io/issues/20-interviews/andy-matuschak/",
        "author": " Andy Matuschak "
      },
      {
        "title": "Something Slightly Less Terrible",
        "url": "https://www.objc.io/issues/20-interviews/loren-brichter/",
        "author": " Loren Brichter "
      },
      {
        "title": "Infinite Things to Learn",
        "url": "https://www.objc.io/issues/20-interviews/natasha-murashev/",
        "author": " Natasha Murashev "
      }
    ]
  },
  {
    "index": "21",
    "issue_title_cn": "\u76f8\u673a\u4e0e\u7167\u7247",
    "issue_date_meta_cn": "#21 - 2015 \u5e74 2 \u6708",
    "issue_list_cn": [
      {
        "title": "\u5377\u9996\u8bed",
        "url": "https://objccn.io/issue-21-0",
        "author": ""
      },
      {
        "title": "\u76f8\u673a\u5de5\u4f5c\u539f\u7406",
        "url": "https://objccn.io/issue-21-1",
        "author": ""
      },
      {
        "title": "\u56fe\u7247\u683c\u5f0f",
        "url": "https://objccn.io/issue-21-2",
        "author": ""
      },
      {
        "title": "iOS \u4e0a\u7684\u76f8\u673a\u6355\u6349",
        "url": "https://objccn.io/issue-21-3",
        "author": ""
      },
      {
        "title": "\u7167\u7247\u6846\u67b6",
        "url": "https://objccn.io/issue-21-4",
        "author": ""
      },
      {
        "title": "\u7167\u7247\u6269\u5c55",
        "url": "https://objccn.io/issue-21-5",
        "author": ""
      },
      {
        "title": "Core Image \u4ecb\u7ecd",
        "url": "https://objccn.io/issue-21-6",
        "author": ""
      },
      {
        "title": "GPU \u52a0\u901f\u4e0b\u7684\u56fe\u50cf\u5904\u7406",
        "url": "https://objccn.io/issue-21-7",
        "author": ""
      },
      {
        "title": "GPU \u52a0\u901f\u4e0b\u7684\u56fe\u50cf\u89c6\u89c9",
        "url": "https://objccn.io/issue-21-8",
        "author": ""
      },
      {
        "title": "\u57fa\u4e8e OpenCV \u7684\u4eba\u8138\u8bc6\u522b",
        "url": "https://objccn.io/issue-21-9",
        "author": ""
      }
    ],
    "issue_title": "Camera and Photos",
    "issue_date_meta": "#21 \u00b7 Feb 2015",
    "issue_list": [
      {
        "title": "Editorial",
        "url": "https://www.objc.io/issues/21-camera-and-photos/editorial/",
        "author": ""
      },
      {
        "title": "How Your Camera Works",
        "url": "https://www.objc.io/issues/21-camera-and-photos/how-your-camera-works/",
        "author": " Daniel Eggert "
      },
      {
        "title": "Image Formats",
        "url": "https://www.objc.io/issues/21-camera-and-photos/image-formats/",
        "author": " Oliver Mason "
      },
      {
        "title": "Camera Capture on iOS",
        "url": "https://www.objc.io/issues/21-camera-and-photos/camera-capture-on-ios/",
        "author": " Matteo Caldari "
      },
      {
        "title": "The Photos Framework",
        "url": "https://www.objc.io/issues/21-camera-and-photos/the-photos-framework/",
        "author": " Saniul Ahmed "
      },
      {
        "title": "Photo Extensions",
        "url": "https://www.objc.io/issues/21-camera-and-photos/photo-extensions/",
        "author": " Sam Davies "
      },
      {
        "title": "An Introduction to Core Image",
        "url": "https://www.objc.io/issues/21-camera-and-photos/core-image-intro/",
        "author": " Warren Moore "
      },
      {
        "title": "GPU-Accelerated Image Processing",
        "url": "https://www.objc.io/issues/21-camera-and-photos/gpu-accelerated-image-processing/",
        "author": " Janie Clayton "
      },
      {
        "title": "GPU-Accelerated Machine Vision",
        "url": "https://www.objc.io/issues/21-camera-and-photos/gpu-accelerated-machine-vision/",
        "author": " Brad Larson "
      },
      {
        "title": "Face Recognition with OpenCV",
        "url": "https://www.objc.io/issues/21-camera-and-photos/face-recognition-with-opencv/",
        "author": " Engin Kurutepe "
      }
    ]
  },
  {
    "index": "22",
    "issue_title_cn": "iOS \u9879\u76ee\u7ba1\u7406",
    "issue_date_meta_cn": "#22 - 2015 \u5e74 3 \u6708",
    "issue_list_cn": [
      {
        "title": "\u5377\u9996\u8bed",
        "url": "https://objccn.io/issue-22-0",
        "author": ""
      },
      {
        "title": "Omni \u5185\u90e8",
        "url": "https://objccn.io/issue-22-1",
        "author": ""
      },
      {
        "title": "Artsy",
        "url": "https://objccn.io/issue-22-2",
        "author": ""
      },
      {
        "title": "Square Register \u7684\u6269\u5f20",
        "url": "https://objccn.io/issue-22-3",
        "author": ""
      },
      {
        "title": "\u4ee3\u7801\u5ba1\u67e5\u7684\u827a\u672f\uff1aDropbox \u7684\u6545\u4e8b",
        "url": "https://objccn.io/issue-22-4",
        "author": ""
      },
      {
        "title": "\u54cd\u5e94\u5f0f\u89c6\u56fe",
        "url": "https://objccn.io/issue-22-5",
        "author": ""
      }
    ],
    "issue_title": "iOS at Scale",
    "issue_date_meta": "#22 \u00b7 Mar 2015",
    "issue_list": [
      {
        "title": "Editorial",
        "url": "https://www.objc.io/issues/22-scale/editorial/",
        "author": ""
      },
      {
        "title": "Inside Omni",
        "url": "https://www.objc.io/issues/22-scale/omni-group/",
        "author": " Brent Simmons "
      },
      {
        "title": "Artsy",
        "url": "https://www.objc.io/issues/22-scale/artsy/",
        "author": " Orta Therox, Ash Furrow, Laura Brown, and Eloy Dur\u00e1n "
      },
      {
        "title": "Scaling Square Register",
        "url": "https://www.objc.io/issues/22-scale/square/",
        "author": " Kyle Van Essen "
      },
      {
        "title": "The Art of Code Review: A Dropbox Story",
        "url": "https://www.objc.io/issues/22-scale/dropbox/",
        "author": " Ashley Nelson-Hornstein "
      },
      {
        "title": "React-Inspired Views",
        "url": "https://www.objc.io/issues/22-scale/facebook/",
        "author": " Adam Ernst "
      }
    ]
  },
  {
    "index": "23",
    "issue_title_cn": "\u89c6\u9891",
    "issue_date_meta_cn": "#23 - 2015 \u5e74 4 \u6708",
    "issue_list_cn": [
      {
        "title": "\u5377\u9996\u8bed",
        "url": "https://objccn.io/issue-23-0",
        "author": ""
      },
      {
        "title": "\u5728 iOS \u4e0a\u6355\u83b7\u89c6\u9891",
        "url": "https://objccn.io/issue-23-1",
        "author": ""
      },
      {
        "title": "Core Image \u548c\u89c6\u9891",
        "url": "https://objccn.io/issue-23-2",
        "author": ""
      },
      {
        "title": "\u89c6\u9891\u5de5\u5177\u7bb1\u548c\u786c\u4ef6\u52a0\u901f",
        "url": "https://objccn.io/issue-23-3",
        "author": ""
      }
    ],
    "issue_title": "Video",
    "issue_date_meta": "#23 \u00b7 Apr 2015",
    "issue_list": [
      {
        "title": "Editorial",
        "url": "https://www.objc.io/issues/23-video/editorial/",
        "author": ""
      },
      {
        "title": "Capturing Video on iOS",
        "url": "https://www.objc.io/issues/23-video/capturing-video/",
        "author": " Adriaan Stellingwerff "
      },
      {
        "title": "Core Image and Video",
        "url": "https://www.objc.io/issues/23-video/core-image-video/",
        "author": " Daniel Eggert and Chris Eidhof "
      },
      {
        "title": "Video Toolbox and Hardware Acceleration",
        "url": "https://www.objc.io/issues/23-video/videotoolbox/",
        "author": " Felix Paul K\u00fchne and Carola Nitz "
      }
    ]
  },
  {
    "index": "24",
    "issue_title_cn": "\u97f3\u9891",
    "issue_date_meta_cn": "#24 - 2015 \u5e74 5 \u6708",
    "issue_list_cn": [
      {
        "title": "\u5377\u9996\u8bed",
        "url": "https://objccn.io/issue-24-0",
        "author": ""
      },
      {
        "title": "\u97f3\u9891\u5904\u7406\u7684\u72d7\u5c4b",
        "url": "https://objccn.io/issue-24-1",
        "author": ""
      },
      {
        "title": "\u4f7f\u7528 Swift \u8fdb\u884c\u51fd\u6570\u5f0f\u4fe1\u53f7\u5904\u7406",
        "url": "https://objccn.io/issue-24-2",
        "author": ""
      },
      {
        "title": "\u64ad\u653e\uff0c\u5931\u8d25\uff0c\u8fed\u4ee3\uff1a\u9762\u5411\u4ea7\u54c1\u7684\u97f3\u6548\u8bbe\u8ba1",
        "url": "https://objccn.io/issue-24-3",
        "author": ""
      },
      {
        "title": "\u97f3\u9891 API \u4e00\u89c8",
        "url": "https://objccn.io/issue-24-4",
        "author": ""
      }
    ],
    "issue_title": "Audio",
    "issue_date_meta": "#24 \u00b7 May 2015",
    "issue_list": [
      {
        "title": "Editorial",
        "url": "https://www.objc.io/issues/24-audio/editorial/",
        "author": ""
      },
      {
        "title": "The Audio Processing Dog House",
        "url": "https://www.objc.io/issues/24-audio/audio-dog-house/",
        "author": " Jack Schaedler "
      },
      {
        "title": "Functional Signal Processing Using Swift",
        "url": "https://www.objc.io/issues/24-audio/functional-signal-processing/",
        "author": " Chris Liscio "
      },
      {
        "title": "Play, Fail, Iterate: Sound Design for Products",
        "url": "https://www.objc.io/issues/24-audio/sound-design/",
        "author": " Aaron Day "
      },
      {
        "title": "Audio API Overview",
        "url": "https://www.objc.io/issues/24-audio/audio-api-overview/",
        "author": " Daniel Eggert and Florian Kugler "
      }
    ]
  }
]