[
  {
    "issue_title": "\u524d\u7aef",
    "issue_subtitle": "\u5fc5\u770b",
    "issue_list": [
      {
        "perent_title": "\u5fc5\u770b",
        "title": "TodoMVC",
        "url": "https://github.com/tastejs/todomvc",
        "author": " \u5305\u542b\u4e86\u4e00\u7cfb\u5217\u4e0d\u540c\u6846\u67b6\u7684Todo MVC\uff0c\u5982Backbone.js, Ember.js, AngularJS"
      }
    ]
  },
  {
    "issue_title": "\u524d\u7aef",
    "issue_subtitle": "ReactJS",
    "issue_list": [
      {
        "perent_title": "ReactJS",
        "title": "Awesome React",
        "url": "https://github.com/enaqx/awesome-react",
        "author": " A collection of awesome things regarding React ecosystem."
      },
      {
        "perent_title": "ReactJS",
        "title": "React Demos",
        "url": "https://github.com/ruanyf/react-demos",
        "author": " \u7531\u962e\u4e00\u5cf0\u6536\u96c6\u7684React.js\u7684\u76f8\u5173Demos\u3002\u52a0\u5165\u7d22\u5f15\u65f6\uff0c\u4e00\u5171\u670913\u4e2aDemo\uff0c\u4ece\u7b80\u5355\u7684\u6e32\u67d3JSX\u3001Component\u7684\u751f\u547d\u5468\u671f\uff0c\u5230\u670d\u52a1\u7aef\u6e32\u67d3\u3002"
      },
      {
        "perent_title": "ReactJS",
        "title": "\u540c\u67b6JavaScript",
        "url": "https://github.com/DavidWells/isomorphic-react-example",
        "author": " \u8fd9\u662f\u4e00\u4e2a\u57fa\u4e8eReact\u548cNode.js\u3001Express\u7684\u793a\u4f8b\uff0c\u5e76\u4e14\u8fd8\u5305\u542b\u89c6\u9891\u3002\u4ecb\u7ecd\u4e86\u5982\u4f55\u5728\u524d\u540e\u7aef\u4f7f\u7528\u76f8\u540c\u7684\u4ee3\u7801\u6765\u5b8c\u6210\u903b\u8f91\u3002"
      }
    ]
  },
  {
    "issue_title": "\u524d\u7aef",
    "issue_subtitle": "Angular.js",
    "issue_list": [
      {
        "perent_title": "Angular.js",
        "title": "Awesome AngularJS",
        "url": "https://github.com/gianarb/awesome-angularjs",
        "author": " \ud83c\udf00 A list of awesome AngularJs services, directives, utilities and resources."
      }
    ]
  },
  {
    "issue_title": "\u524d\u7aef",
    "issue_subtitle": "Angular 2",
    "issue_list": [
      {
        "perent_title": "Angular 2",
        "title": "Awesome Angular 2",
        "url": "https://github.com/AngularClass/awesome-angular2",
        "author": " A curated list of awesome Angular 2 resources"
      }
    ]
  },
  {
    "issue_title": "\u524d\u7aef",
    "issue_subtitle": "Vue",
    "issue_list": [
      {
        "perent_title": "Vue",
        "title": "Awesome Vue",
        "url": "https://github.com/vuejs/awesome-vue",
        "author": " A curated list of awesome things related to Vue.js"
      }
    ]
  },
  {
    "issue_title": "\u524d\u7aef",
    "issue_subtitle": "Ember.js",
    "issue_list": [
      {
        "perent_title": "Ember.js",
        "title": "Awesome Ember.js",
        "url": "https://github.com/nmec/awesome-ember",
        "author": " A curated list of awesome Ember.js things"
      }
    ]
  },
  {
    "issue_title": "\u524d\u7aef",
    "issue_subtitle": "Riot",
    "issue_list": [
      {
        "perent_title": "Riot",
        "title": "Riot Todo",
        "url": "https://github.com/srackham/riot-todo",
        "author": " \u4f7f\u7528\u7c7b\u4f3c\u4e8eFlux\u67b6\u6784\u5b9e\u73b0\u7684Riot\u4e0b\u7684Todo\u5e94\u7528\u3002"
      }
    ]
  },
  {
    "issue_title": "\u524d\u7aef",
    "issue_subtitle": "Backbone",
    "issue_list": [
      {
        "perent_title": "Backbone",
        "title": "Backbone Boilerplate",
        "url": "https://github.com/tbranyen/backbone-boilerplate",
        "author": " Bakcbone.js\u4e0b\u7684\u5de5\u4f5c\u6d41\uff0c\u5305\u542b\u53ef\u9009\u7684Backbone, jQuery, Lodash, Grunt, Babel, Combyne, Karma, Mocha\u4ee5\u53caPure CSS\u3002"
      }
    ]
  },
  {
    "issue_title": "\u524d\u7aef",
    "issue_subtitle": "Ionic",
    "issue_list": [
      {
        "perent_title": "Ionic",
        "title": "Awesome Ionic",
        "url": "https://github.com/Alexintosh/Awesome-Ionic",
        "author": " A curated list of awesome Ionic libraries, resources and solutions."
      },
      {
        "perent_title": "Ionic",
        "title": "Ionic 2 \u4f1a\u8bae\u5e94\u7528",
        "url": "https://github.com/driftyco/ionic-conference-app",
        "author": " \u4f7f\u7528Ionic 2\u4ee5\u53caTypescript\u5b9e\u73b0\u7684\u4f1a\u8bae\u5e94\u7528\u3002"
      },
      {
        "perent_title": "Ionic",
        "title": "CNodejs Ionic",
        "url": "https://github.com/lanceli/cnodejs-ionic",
        "author": " \u4f7f\u7528Ionic\u5b9e\u73b0\u7684https://cnodejs.org\u7684\u624b\u673aAPP\u3002"
      }
    ]
  },
  {
    "issue_title": "\u540e\u7aef",
    "issue_subtitle": "Node.js",
    "issue_list": [
      {
        "perent_title": "Node.js",
        "title": "Awesome Nodejs",
        "url": "https://github.com/sindresorhus/awesome-nodejs",
        "author": " Delightful Node.js packages and resources"
      },
      {
        "perent_title": "Node.js",
        "title": "Node.js Express Demos",
        "url": "https://github.com/bsspirit/nodejs-demo",
        "author": " \u8fd9\u4e2a\u9879\u76ee\u539f\u672c\u662f\u4f9d\u7167\u300aNode.js\u5f00\u53d1\u6307\u5357\u300b\u4e66\u4e2d\u4ecb\u7ecd\u7684\u9879\u76ee\u5f00\u59cb\u7684\uff0c\u7136\u800c\u5b83\u8bb2\u7684\u662fExpress2.x\u7684\uff0c\u8fd9\u4e2a\u9879\u76ee\u5219\u4ee5Express 3.x\u3001Express 4.x\u4e3a\u4f8b\u5b50\u5c55\u5f00\u3002"
      }
    ]
  },
  {
    "issue_title": "\u540e\u7aef",
    "issue_subtitle": "Laravel",
    "issue_list": [
      {
        "perent_title": "Laravel",
        "title": "Awesome Laravel",
        "url": "https://github.com/chiraggude/awesome-laravel",
        "author": " A curated list of awesome bookmarks, packages, tutorials, videos and other cool resources from the Laravel ecosystem."
      }
    ]
  },
  {
    "issue_title": "\u540e\u7aef",
    "issue_subtitle": "Spring MVC",
    "issue_list": [
      {
        "perent_title": "Spring MVC",
        "title": "Spring MVC Showcase",
        "url": "https://github.com/spring-projects/spring-mvc-showcase",
        "author": " \u8fd9\u4e2a\u9879\u76ee\u5e26\u6709Spring MVC\u7684\u5927\u90e8\u5206\u529f\u80fd\u7684\u6f14\u793a\uff0c\u5982\u4ece\u6b63\u5e38\u7684Controller\uff0c\u5230\u8868\u5355\u3001\u6587\u4ef6\u4e0a\u4f20\u3001\u5f02\u5e38\u5904\u7406\u7b49\u7b49\u3002"
      },
      {
        "perent_title": "Spring MVC",
        "title": "Spring Blog",
        "url": "https://github.com/Raysmond/SpringBlog",
        "author": " \u7528Spring Boot/MVC/JPA + Hibernate + MySQL + Redis + Bootstrap + Jade\u5b9e\u73b0\u7684\u535a\u5ba2\u7cfb\u7edf\u3002"
      }
    ]
  },
  {
    "issue_title": "\u540e\u7aef",
    "issue_subtitle": "Spring Boot",
    "issue_list": [
      {
        "perent_title": "Spring Boot",
        "title": "Spring Boot samples",
        "url": "https://github.com/netgloo/spring-boot-samples",
        "author": " \u8fd9\u4e2a\u9879\u76ee\u5305\u542b\u4e00\u7cfb\u5217\u7684Spring Boot\u793a\u4f8b\uff0c\u5f53\u7136\u8fd8\u6709\u76f8\u5173\u7684\u4ecb\u7ecd\u3002"
      },
      {
        "perent_title": "Spring Boot",
        "title": "Spring Boot\u5fae\u670d\u52a1\u6a21\u677f",
        "url": "https://github.com/rohitghatol/spring-boot-microservices",
        "author": " \u8fd9\u4e2a\u9879\u76ee\u4ecb\u7ecd\u4e86\u5982\u4f55\u7528Spring Boot\u3001Spring Cloud\u3001Spring OAuth 2\u548cNetflix OSS\u6765\u5b9e\u73b0\u5fae\u670d\u52a1\u67b6\u6784\u3002"
      }
    ]
  },
  {
    "issue_title": "\u540e\u7aef",
    "issue_subtitle": "Django",
    "issue_list": [
      {
        "perent_title": "Django",
        "title": "Awesome Django",
        "url": "https://github.com/rosarior/awesome-django",
        "author": " \u5927\u5bb6\u90fd\u61c2\u7684\uff0cA curated list of awesome Django apps, projects and resources\u3002"
      }
    ]
  },
  {
    "issue_title": "\u540e\u7aef",
    "issue_subtitle": "Flask",
    "issue_list": [
      {
        "perent_title": "Flask",
        "title": "Awesome Flask",
        "url": "https://github.com/humiaozuzu/awesome-flask",
        "author": " A curated list of awesome Flask resources and plugins."
      },
      {
        "perent_title": "Flask",
        "title": "Flask Boilerplate",
        "url": "https://github.com/mjhea0/flask-boilerplate",
        "author": " \u4e00\u4e2a\u57fa\u4e8eFlask\u3001 Flask-SQLAlchemy\u3001Flask-WTF\u3001Fabric\u3001Coverage\u3001Bootstrap\u7684Web\u5e94\u7528\u3002"
      }
    ]
  },
  {
    "issue_title": "\u540e\u7aef",
    "issue_subtitle": "Rails",
    "issue_list": [
      {
        "perent_title": "Rails",
        "title": "Awesome Rails",
        "url": "https://github.com/ekremkaraca/awesome-rails",
        "author": " A collection / list of awesome projects, sites made with Rails."
      }
    ]
  },
  {
    "issue_title": "\u524d\u540e\u7aef\u7ed3\u5408",
    "issue_subtitle": "React",
    "issue_list": [
      {
        "perent_title": "React",
        "title": "React Starter Kit",
        "url": "https://github.com/kriasoft/react-starter-kit",
        "author": " \u57fa\u4e8eNode.js, Express, GraphQL, React.js, Babel 6, PostCSS, Webpack, Browsersync\u63d0\u4f9b\u7684\u540c\u6784Web\u5e94\u7528\u6a21\u677f"
      }
    ]
  },
  {
    "issue_title": "\u524d\u540e\u7aef\u7ed3\u5408",
    "issue_subtitle": "Angular.js",
    "issue_list": [
      {
        "perent_title": "Angular.js",
        "title": "MEAN.JS",
        "url": "https://github.com/meanjs/mean",
        "author": " \u4f7f\u7528MongoDB, Express, AngularJS, and Node.js\u7684\u5168\u6808JavaScript\u3002"
      },
      {
        "perent_title": "Angular.js",
        "title": "AngularJS + Flask Boilerplate App",
        "url": "https://github.com/shea256/angular-flask",
        "author": " \u4ee5Flask\u4f5c\u4e3a\u540e\u7aef\uff0cAngular.js\u4f5c\u4e3a\u524d\u7aef\u7684Web\u5e94\u7528\u6a21\u677f"
      }
    ]
  }
]