{
  "images" : [
    {
      "resizing" : {
        "mode" : "9-part",
        "center" : {
          "mode" : "tile",
          "width" : 1,
          "height" : 1
        },
        "cap-insets" : {
          "bottom" : 54,
          "top" : 53,
          "right" : 29,
          "left" : 29
        }
      },
      "idiom" : "universal",
      "filename" : "消除游戏《进击的小怪物》素材 音效-新目标 Bg(newTa_爱给网_aigei_com.png",
      "scale" : "1x"
    },
    {
      "idiom" : "universal",
      "scale" : "2x"
    },
    {
      "idiom" : "universal",
      "scale" : "3x"
    }
  ],
  "info" : {
    "version" : 1,
    "author" : "xcode"
  }
}