{
  "images" : [
    {
      "resizing" : {
        "mode" : "9-part",
        "center" : {
          "mode" : "tile",
          "width" : 1,
          "height" : 1
        },
        "cap-insets" : {
          "bottom" : 27,
          "top" : 27,
          "right" : 77,
          "left" : 31
        }
      },
      "idiom" : "universal",
      "filename" : "萌妹斗地主完整源码（客户端服务端）-板_1009_4_2x(_爱给网_aigei_com.png",
      "scale" : "1x"
    },
    {
      "idiom" : "universal",
      "scale" : "2x"
    },
    {
      "idiom" : "universal",
      "scale" : "3x"
    }
  ],
  "info" : {
    "version" : 1,
    "author" : "xcode"
  }
}