{
  "images" : [
    {
      "resizing" : {
        "mode" : "9-part",
        "center" : {
          "mode" : "tile",
          "width" : 1,
          "height" : 1
        },
        "cap-insets" : {
          "bottom" : 229,
          "top" : 228,
          "right" : 186,
          "left" : 116
        }
      },
      "idiom" : "universal",
      "filename" : "很棒的2D塔防守卫游戏素材-英雄守卫-描述 bg(descr_爱给网_aigei_com.png",
      "scale" : "1x"
    },
    {
      "idiom" : "universal",
      "scale" : "2x"
    },
    {
      "idiom" : "universal",
      "scale" : "3x"
    }
  ],
  "info" : {
    "version" : 1,
    "author" : "xcode"
  }
}