{
  "success": 1,
  "total": 2100,
  "result": [
    {
      "ID": "55fa69c5e4b043d0caf270b9",
      "typeID": "55dd5e2360b258078b9e4458",
      "optionD": "150",
      "optionC": "165",
      "optionAnswer": "B",
      "answer": " ",
      "optionB": "166",
      "type": "1",
      "optionA": "172",
      "knowledge": "\u667a\u529b\u9898",
      "question": "\u4e0a\u9ad8\u4e2d\u7684\u5c0f\u660e\u6697\u604b\u5973\u795e\u4e09\u5e74\uff0c\u9ad8\u8003\u7ed3\u675f\u540e\uff0c\u5c0f\u660e\u51b3\u5b9a\u5411\u5973\u795e\u8868\u767d\u3002\u8fd9\u5929\uff0c\u5c0f\u660e\u6765\u5230\u5973\u795e\u697c\u4e0b\u7b49\u5f85\u5973\u795e\u7684\u51fa\u73b0\uff0c\u65f6\u95f4\u4e00\u5206\u4e00\u79d2\u7684\u6d41\u901d\uff0c\u4e24\u4e2a\u591a\u5c0f\u65f6\u8fc7\u53bb\u4e86\uff0c\u5973\u795e\u8fd8\u6ca1\u6709\u51fa\u73b0\uff0c\u5c0f\u660e\u770b\u4e86\u4e0b\u8868\uff0c\u65f6\u9488\u548c\u5206\u9488\u7684\u4f4d\u7f6e\u6b63\u597d\u8ddf\u5f00\u59cb\u7b49\u7684\u65f6\u5019\u4e92\u6362\uff0c\u8bf7\u95ee\u5c0f\u660e\u4e00\u5171\u7b49\u4e86\u5973\u795e\u591a\u5c11\u5206\u949f\uff08\uff09",
      "title": "360-2015\u6821\u62db\u7814\u53d1\u5728\u7ebf\u7b14\u8bd5\u9898"
    },
    {
      "ID": "55fa69c5e4b043d0caf270ba",
      "typeID": "55dd5e2360b258078b9e4458",
      "optionD": "16\u4e2a",
      "optionC": "13\u4e2a",
      "optionAnswer": "D",
      "answer": " ",
      "optionB": "11\u4e2a",
      "type": "1",
      "optionA": "6\u4e2a",
      "knowledge": "\u667a\u529b\u9898",
      "question": "\u4e00\u4e2a\u4e0d\u900f\u660e\u7684\u7bb1\u5b50\u91cc\u5171\u6709\u7ea2\uff0c\u9ec4\uff0c\u84dd\uff0c\u7eff\uff0c\u767d\u4e94\u79cd\u989c\u8272\u7684\u5c0f\u7403\uff0c\u6bcf\u79cd\u989c\u8272\u7684\u5c0f\u7403\u5927\u5c0f\u76f8\u540c\uff0c\u8d28\u91cf\u76f8\u7b49\uff0c\u6570\u91cf\u5145\u8db3\u3002\u6bcf\u4e2a\u4eba\u4ece\u7bee\u5b50\u91cc\u62bd\u51fa\u4e24\u4e2a\u5c0f\u7403\uff0c\u8bf7\u95ee\u81f3\u5c11\u9700\u8981\u591a\u5c11\u4e2a\u4eba\u62bd\u7403\uff0c\u624d\u80fd\u4fdd\u8bc1\u6709\u4e24\u4e2a\u4eba\u62bd\u5230\u7684\u5c0f\u7403\u989c\u8272\u76f8\u540c\uff1f",
      "title": "360-2015\u6821\u62db\u7814\u53d1\u5728\u7ebf\u7b14\u8bd5\u9898"
    },
    {
      "ID": "55fa69c5e4b043d0caf270bb",
      "typeID": "55dd5e2360b258078b9e4458",
      "optionD": "165",
      "optionC": "162",
      "optionAnswer": "B",
      "answer": " ",
      "optionB": "160",
      "type": "1",
      "optionA": "158",
      "knowledge": "\u7ec4\u5408\u6570\u5b66 \u667a\u529b\u9898",
      "question": "\u5e73\u9762\u5185\u670911\u4e2a\u70b9\uff0c\u7531\u5b83\u4eec\u8fde\u621048\u6761\u4e0d\u540c\u7684\u76f4\u7ebf\uff0c\u7531\u8fd9\u4e9b\u70b9\u53ef\u8fde\u6210\u591a\u5c11\u4e2a\u4e09\u89d2\u5f62\uff1f",
      "title": "360-2015\u6821\u62db\u7814\u53d1\u5728\u7ebf\u7b14\u8bd5\u9898"
    },
    {
      "ID": "55fa69c5e4b043d0caf270bc",
      "typeID": "55dd5e2360b258078b9e4458",
      "optionD": "240",
      "optionC": "180",
      "optionAnswer": "C",
      "answer": " ",
      "optionB": "120",
      "type": "1",
      "optionA": "90",
      "knowledge": "\u667a\u529b\u9898",
      "question": "8,8,12,24,60\uff08\uff09",
      "title": "360-2015\u6821\u62db\u7814\u53d1\u5728\u7ebf\u7b14\u8bd5\u9898"
    },
    {
      "ID": "55fa69c5e4b043d0caf270bd",
      "typeID": "55dd5e2360b258078b9e4458",
      "optionD": "16",
      "optionC": "20",
      "optionAnswer": "B",
      "answer": " ",
      "optionB": "14",
      "type": "1",
      "optionA": "100",
      "knowledge": "\u7f16\u7a0b\u57fa\u7840",
      "question": "\u5047\u5b9ax=65530\uff0c\u4e0b\u9762\u51fd\u6570\u7684\u8fd4\u56de\u503c\u662f\u591a\u5c11\uff1f\uff08\uff09\nint func(x)\n{\n    int countx = 0;\n    while (x)\n    {\n        countx++\uff1b\n        x = x & (x - 1);\n    }\n    return countx;\n}",
      "title": "360-2015\u6821\u62db\u7814\u53d1\u5728\u7ebf\u7b14\u8bd5\u9898"
    },
    {
      "ID": "55fa69c5e4b043d0caf270be",
      "typeID": "55dd5e2360b258078b9e4458",
      "optionD": "\u5feb\u901f\u6392\u5e8f",
      "optionC": "\u5f52\u5e76\u6392\u5e8f",
      "optionAnswer": "D",
      "answer": " ",
      "optionB": "\u5e0c\u5c14\u6392\u5e8f",
      "type": "1",
      "optionA": "\u9009\u62e9\u6392\u5e8f",
      "knowledge": "\u6392\u5e8f",
      "question": " \u7528\u67d0\u79cd\u6392\u5e8f\u65b9\u6cd5\u5bf9\u5173\u952e\u5b57\u5e8f\u5217\uff0825,84,21,47,15,27,68,35,20\uff09\u8fdb\u884c\u6392\u5e8f\uff0c\u5e8f\u5217\u7684\u53d8\u5316\u60c5\u51b5\u91c7\u6837\u5982\u4e0b\uff1a\n20,15,21,25,47,27,68,35,84\n15,20,21,25,35,27,47,68,84\n15,20,21,25,27,35,47,68,84\n\u8bf7\u95ee\u91c7\u7528\u7684\u662f\u4ee5\u4e0b\u54ea\u79cd\u6392\u5e8f\u7b97\u6cd5\uff08\uff09",
      "title": "360-2015\u6821\u62db\u7814\u53d1\u5728\u7ebf\u7b14\u8bd5\u9898"
    },
    {
      "ID": "55fa69c5e4b043d0caf270bf",
      "typeID": "55dd5e2360b258078b9e4458",
      "optionD": "7",
      "optionC": "8",
      "optionAnswer": "B",
      "answer": " ",
      "optionB": "9",
      "type": "1",
      "optionA": "10",
      "knowledge": "\u6811",
      "question": "\u8bbe\u67d0\u9897\u4e8c\u53c9\u6811\u4e2d\u6709360\u4e2a\u7ed3\u70b9\uff0c\u5219\u8be5\u4e8c\u53c9\u6811\u7684\u6700\u5c0f\u9ad8\u5ea6\u662f\uff1f(\u5305\u62ec\u6839\u8282\u70b9)",
      "title": "360-2015\u6821\u62db\u7814\u53d1\u5728\u7ebf\u7b14\u8bd5\u9898"
    },
    {
      "ID": "55fa69c5e4b043d0caf270c0",
      "typeID": "55dd5e2360b258078b9e4458",
      "optionD": "\u7ebf\u6027\u6392\u5e8f",
      "optionC": "\u4e8c\u5206\u63d2\u5165\u6392\u5e8f",
      "optionAnswer": "A",
      "answer": " ",
      "optionB": "\u5192\u6ce1\u6392\u5e8f",
      "type": "1",
      "optionA": "\u5feb\u901f\u6392\u5e8f",
      "knowledge": "\u6392\u5e8f",
      "question": "\u4e0b\u5217\u54ea\u4e2a\u7b97\u6cd5\u662f\u5bf9\u4e00\u4e2alist\u6392\u5e8f\u7684\u6700\u5feb\u65b9\u6cd5\uff08\uff09",
      "title": "360-2015\u6821\u62db\u7814\u53d1\u5728\u7ebf\u7b14\u8bd5\u9898"
    },
    {
      "ID": "55fa69c5e4b043d0caf270c1",
      "typeID": "55dd5e2360b258078b9e4458",
      "optionD": "ICMP\u5e94\u7b54\u62a5\u6587",
      "optionC": "ICMP\u8bf7\u6c42\u62a5\u6587",
      "optionAnswer": "C",
      "answer": " ",
      "optionB": "TCP\u5e94\u7b54\u62a5\u6587",
      "type": "1",
      "optionA": "TCP\u8bf7\u6c42\u62a5\u6587",
      "knowledge": "\u7f51\u7edc\u57fa\u7840",
      "question": "\u5e94\u7528\u7a0b\u5e8fPING\u53d1\u51fa\u7684\u662f\u4ec0\u4e48\u62a5\u6587\uff08\uff09",
      "title": "360-2015\u6821\u62db\u7814\u53d1\u5728\u7ebf\u7b14\u8bd5\u9898"
    },
    {
      "ID": "55fa69c5e4b043d0caf270c2",
      "typeID": "55dd5e2360b258078b9e4458",
      "optionD": "3.36E+06",
      "optionC": "2.0 ",
      "optionAnswer": "D",
      "answer": " ",
      "optionB": "1",
      "type": "1",
      "optionA": "5280",
      "knowledge": "\u6b63\u5219\u8868\u8fbe\u5f0f",
      "question": "digit ->0|1|...|9\ndigits ->digit digit*\noptionalFraction ->.digits|\u2208\noptionalExponent ->(E+|-|\u2208)digits|\u2208\nnumber -> digits optionalPraction option|Exponent\n\u4e0a\u9762\u7ed9\u51fa\u7684\u6b63\u5219\u89c4\u7ea6\u7684\u63cf\u8ff0\u4e2d\uff0c\u4e0b\u9762\u7684\u65e0\u7b26\u53f7\u6570\u54ea\u4e2a\u4e0d\u7b26\u5408\u89c4\u7ea6\u7684\u8981\u6c42\uff1a",
      "title": "360-2015\u6821\u62db\u7814\u53d1\u5728\u7ebf\u7b14\u8bd5\u9898"
    },
    {
      "ID": "55fa69c5e4b043d0caf270c3",
      "typeID": "55dd5e2360b258078b9e4458",
      "optionD": "\u8bc6\u522b\u5e76\u4fee\u6b63\u8bed\u6cd5\uff0c\u8bed\u4e49\u9519\u8bef",
      "optionC": "\u8bc6\u522b\u8bed\u6cd5\u9519\u8bef",
      "optionAnswer": "C",
      "answer": " ",
      "optionB": "\u8bc6\u522b\u8bed\u6cd5\u548c\u8bed\u4e49\u9519\u8bef",
      "type": "1",
      "optionA": "\u8bc6\u522b\u8bed\u4e49\u9519\u8bef",
      "knowledge": "\u7f16\u8bd1\u548c\u4f53\u7cfb\u7ed3\u6784",
      "question": "\u8bed\u6cd5\u5206\u6790\u5668\u53ef\u4ee5\u7528\u4e8e\uff08\uff09",
      "title": "360-2015\u6821\u62db\u7814\u53d1\u5728\u7ebf\u7b14\u8bd5\u9898"
    },
    {
      "ID": "55fa69c5e4b043d0caf270c4",
      "typeID": "55dd5e2360b258078b9e4458",
      "optionD": "128",
      "optionC": "64",
      "optionAnswer": "D",
      "answer": " ",
      "optionB": "32",
      "type": "1",
      "optionA": "16",
      "knowledge": "\u7f51\u7edc\u57fa\u7840",
      "question": "IPV6\u5730\u5740\u5305\u542b\u591a\u5c11\u4f4d\uff08\uff09",
      "title": "360-2015\u6821\u62db\u7814\u53d1\u5728\u7ebf\u7b14\u8bd5\u9898"
    },
    {
      "ID": "55fa69c5e4b043d0caf270c5",
      "typeID": "55dd5e2360b258078b9e4458",
      "optionD": "\u8fde\u63a5\u53d1\u751f\u9519\u8bef",
      "optionC": "\u8fd8\u6ca1\u6709\u6536\u5230\u5bf9\u7aef\u6570\u636e",
      "optionAnswer": "B",
      "answer": " ",
      "optionB": "\u5bf9\u7aef\u5173\u95ed\u4e86\u8fde\u63a5",
      "type": "1",
      "optionA": "\u5bf9\u7aef\u53d1\u9001\u4e86\u4e00\u6bb5\u957f\u5ea6\u4e3a0\u7684\u6570\u636e",
      "knowledge": "\u7f51\u7edc\u57fa\u7840",
      "question": "\u5982\u679c\u5728\u4e00\u4e2a\u5efa\u7acb\u4e86TCP\u8fde\u63a5\u7684socket\u4e0a\u8c03\u7528recv\u51fd\u6570\uff0c\u8fd4\u56de\u503c\u4e3a0\uff0c\u5219\u8868\u793a\uff08\uff09",
      "title": "360-2015\u6821\u62db\u7814\u53d1\u5728\u7ebf\u7b14\u8bd5\u9898"
    },
    {
      "ID": "55fa69c5e4b043d0caf270c6",
      "typeID": "55dd5e2360b258078b9e4458",
      "optionD": "\u4e34\u754c\u533a",
      "optionC": "\u4e92\u65a5\u5668",
      "optionAnswer": "D",
      "answer": " ",
      "optionB": "\u7ebf\u7a0b",
      "type": "1",
      "optionA": "\u8fdb\u7a0b",
      "knowledge": "\u64cd\u4f5c\u7cfb\u7edf",
      "question": "\u4ee5\u4e0b\u54ea\u4e9b\u4e0d\u662f\u5185\u6838\u5bf9\u8c61\uff08\uff09",
      "title": "360-2015\u6821\u62db\u7814\u53d1\u5728\u7ebf\u7b14\u8bd5\u9898"
    },
    {
      "ID": "55fa69c5e4b043d0caf270c7",
      "typeID": "55dd5e2360b258078b9e4458",
      "optionD": "thread ID",
      "optionC": "register set",
      "optionAnswer": "B",
      "answer": " ",
      "optionB": "data section",
      "type": "1",
      "optionA": "stack",
      "knowledge": "\u64cd\u4f5c\u7cfb\u7edf",
      "question": "\u540c\u4e00\u8fdb\u7a0b\u4e0b\u7684\u591a\u4e2a\u7ebf\u7a0b\u53ef\u4ee5\u5171\u4eab\u54ea\u4e00\u79cd\u8d44\u6e90\uff08\uff09",
      "title": "360-2015\u6821\u62db\u7814\u53d1\u5728\u7ebf\u7b14\u8bd5\u9898"
    },
    {
      "ID": "55fa69c5e4b043d0caf270c8",
      "typeID": "55dd5e2360b258078b9e4458",
      "optionD": "10",
      "optionC": "9",
      "optionAnswer": "C",
      "answer": " ",
      "optionB": "8",
      "type": "1",
      "optionA": "7",
      "knowledge": "\u64cd\u4f5c\u7cfb\u7edf",
      "question": "\u4f18\u5f02\u865a\u62df\u5b58\u50a8\u7cfb\u7edf\uff0c\u82e5\u8fdb\u7a0b\u5728\u5185\u5b58\u4e2d\u53603\u9875\uff08\u5f00\u59cb\u65f6\u5185\u5b58\u4e3a\u7a7a\uff09\uff0c\u82e5\u91c7\u7528\u5148\u8fdb\u5148\u51fa\uff08FIFO\uff09\u9875\u9762\u6dd8\u6c70\u7b97\u6cd5\uff0c\u5f53\u6267\u884c\u4ee5\u4e0b\u8bbf\u95ee\u9875\u53f7\u5e8f\u5217\u540e1,3,4,2,1,3,5,1,2,5,4,2\uff0c\u4f1a\u4ea7\u751f\u591a\u5c11\u6b21\u7f3a\u9875\uff08\uff09",
      "title": "360-2015\u6821\u62db\u7814\u53d1\u5728\u7ebf\u7b14\u8bd5\u9898"
    },
    {
      "ID": "55fa69c5e4b043d0caf270c9",
      "typeID": "55dd5e2360b258078b9e4458",
      "optionD": "\u4e00\u6761\u7cfb\u7edf\u6c47\u7f16\u6307\u4ee4\u6267\u884c\u5b8c\u6210",
      "optionC": "\u8ba1\u7b97\u7ed3\u679c\u6ea2\u51fa",
      "optionAnswer": "A",
      "answer": " ",
      "optionB": "\u4e24\u6570\u76f8\u52a0\u7ed3\u679c\u4e3a\u96f6",
      "type": "1",
      "optionA": "\u5728\u952e\u76d8\u8f93\u5165\u8fc7\u7a0b\u4e2d\uff0c\u6bcf\u6309\u4e00\u6b21\u952e",
      "knowledge": "\u64cd\u4f5c\u7cfb\u7edf",
      "question": "\u4e0b\u8ff0\u54ea\u79cd\u60c5\u51b5\u4f1a\u63d0\u51fa\u4e2d\u65ad\u8bf7\u6c42\uff08\uff09",
      "title": "360-2015\u6821\u62db\u7814\u53d1\u5728\u7ebf\u7b14\u8bd5\u9898"
    },
    {
      "ID": "55fa69c5e4b043d0caf270ca",
      "typeID": "55dd5e2360b258078b9e4458",
      "optionD": "60%",
      "optionC": "50%",
      "optionAnswer": "C",
      "answer": " ",
      "optionB": "40%",
      "type": "1",
      "optionA": "30%",
      "knowledge": "\u64cd\u4f5c\u7cfb\u7edf",
      "question": "\u5355\u4efb\u52a1\u7cfb\u7edf\u4e2d\u4e24\u4e2a\u7a0b\u5e8fA\u548cB\uff0c\u5176\u4e2d\nA\u7a0b\u5e8f\uff1aCPU:10s -> \u8bbe\u59071:5s -> CPU:5Ss ->\u8bbe\u59072:10s ->CPU:10s\uff1b\nB\u7a0b\u5e8f\uff1a\u8bbe\u59071:10s-> CPU:10s -> \u8bbe\u59072:5s ->CPU:5s ->\u8bbe\u59072:10s\uff1b\n\u6267\u884c\u987a\u5e8f\u4e3aA->B\uff0c\u90a3\u4e48CPU\u7684\u5229\u7528\u7387\u662f\uff08\uff09",
      "title": "360-2015\u6821\u62db\u7814\u53d1\u5728\u7ebf\u7b14\u8bd5\u9898"
    },
    {
      "ID": "55fa69c5e4b043d0caf270cb",
      "typeID": "55dd5e2360b258078b9e4458",
      "optionD": "8",
      "optionC": "6",
      "optionAnswer": "C",
      "answer": " ",
      "optionB": "5",
      "type": "1",
      "optionA": "4",
      "knowledge": "\u7f16\u7a0b\u57fa\u7840",
      "question": "for (int i = 0; i < 2; i++)\n{\n    fork();\n    printf(\"-\\n\");\n}\n\u4f1a\u6253\u5370\u51fa\u591a\u5c11\u4e2a\"-\"?",
      "title": "360-2015\u6821\u62db\u7814\u53d1\u5728\u7ebf\u7b14\u8bd5\u9898"
    },
    {
      "ID": "55fa69c5e4b043d0caf270cc",
      "typeID": "55dd5e2360b258078b9e4458",
      "optionD": "\u591a\u4e2a\u8fdb\u7a0b\u7ade\u4e89\u6e90\u51fa\u73b0\u4e86\u5faa\u73af\u7b49\u5f85\u53ef\u80fd\u9020\u6210\u7cfb\u7edf\u6b7b\u9501",
      "optionC": "\u57fa\u672c\u7684\u5b58\u50a8\u6280\u672f\u5305\u62ecRAM\uff0cROM\uff0c\u78c1\u76d8\u4ee5\u53caSSD\uff0c\u5176\u4e2d\u8bbf\u95ee\u901f\u5ea6\u6700\u6162\u7684\u662f\u78c1\u76d8\uff0cCPU\u7684\u9ad8\u901f\u7f13\u5b58\u4e00\u822c\u662f\u7531RAM\u7ec4\u6210\u7684",
      "optionAnswer": "A",
      "answer": " ",
      "optionB": "\u6bcf\u4e2a\u8fdb\u7a0b\u90fd\u6709\u81ea\u5df1\u7684\u6587\u4ef6\u63cf\u8ff0\u7b26\u8868\uff0c\u6240\u6709\u8fdb\u7a0b\u5171\u4eab\u540c\u4e00\u6253\u5f00\u6587\u4ef6\u8868\u548cv-node\u8868",
      "type": "1",
      "optionA": "\u8fdb\u7a0b\u8c03\u5ea6\u4e2d\"\u53ef\u62a2\u5360\"\u548c\"\u975e\u62a2\u5360\"\u4e24\u79cd\u65b9\u5f0f\uff0c\u540e\u8005\u5f15\u8d77\u7cfb\u7edf\u7684\u5f00\u9500\u66f4\u5927",
      "knowledge": "\u64cd\u4f5c\u7cfb\u7edf",
      "question": "\u4ee5\u4e0b\u8bf4\u6cd5\u4e0d\u6b63\u786e\u7684\u662f\uff08\uff09",
      "title": "360-2015\u6821\u62db\u7814\u53d1\u5728\u7ebf\u7b14\u8bd5\u9898"
    },
    {
      "ID": "55fa69c5e4b043d0caf270cd",
      "typeID": "55dd5e2360b258078b9e4458",
      "optionD": "malloc\u51fd\u6570\u662f\u5e94\u7528\u7a0b\u5e8f\u5411\u64cd\u4f5c\u7cfb\u7edf\u7533\u8bf7\u5185\u5b58\u7684\u63a5\u53e3",
      "optionC": "ulimit -c\u8bbe\u7f6e\u7684\u662f\u51fd\u6570\u8c03\u7528\u6808\u7684\u5927\u5c0f",
      "optionAnswer": "A",
      "answer": " ",
      "optionB": "\u7528mv\u547d\u4ee4\u79fb\u52a8\u6587\u4ef6\u65f6\uff0c\u6587\u4ef6\u7684\u4fee\u6539\u65f6\u95f4\u4f1a\u53d1\u751f\u53d8\u5316",
      "type": "1",
      "optionA": "\u7ebf\u6027\u8bbf\u95ee\u5185\u5b58\u975e\u6cd5\u65f6\uff0c\u5f53\u524d\u7ebf\u7a0b\u4f1a\u8fdb\u5165\u4fe1\u53f7\u5904\u7406\u51fd\u6570",
      "knowledge": "\u64cd\u4f5c\u7cfb\u7edf",
      "question": "\u5bf9\u4e8eLinux\u8bf4\u6cd5\uff0c\u4e0b\u5217\u8bf4\u6cd5\u6b63\u786e\u7684\u662f\uff08\uff09",
      "title": "360-2015\u6821\u62db\u7814\u53d1\u5728\u7ebf\u7b14\u8bd5\u9898"
    },
    {
      "ID": "55fa69c5e4b043d0caf270ce",
      "typeID": "55dd5e2360b258078b9e4458",
      "optionD": "\u7ebf\u6027\u5730\u5740\u5148\u7ecf\u8fc7\u5206\u9875\u673a\u5236\u6620\u5c04\u5230\u865a\u62df\u5730\u5740\uff0c\u7136\u540e\u865a\u62df\u5730\u5740\u901a\u8fc7\u5206\u6bb5\u673a\u5236\u6620\u5c04\u5230\u7269\u7406\u5730\u5740",
      "optionC": "\u865a\u62df\u5730\u5740\u5148\u7ecf\u8fc7\u5206\u9875\u673a\u5236\u6620\u5c04\u5230\u7ebf\u6027\u5730\u5740\uff0c\u7136\u540e\u7ebf\u6027\u5730\u5740\u901a\u8fc7\u5206\u6bb5\u673a\u5236\u6620\u5c04\u5230\u7269\u7406\u5730\u5740",
      "optionAnswer": "A",
      "answer": " ",
      "optionB": "\u7ebf\u6027\u5730\u5740\u5148\u7ecf\u8fc7\u5206\u6bb5\u673a\u5236\u6620\u5c04\u5230\u865a\u62df\u5730\u5740\uff0c\u7136\u540e\u865a\u62df\u5730\u5740\u901a\u8fc7\u5206\u9875\u673a\u5236\u6620\u5c04\u5230\u7269\u7406\u5730\u5740",
      "type": "1",
      "optionA": "\u865a\u62df\u5730\u5740\u5148\u7ecf\u8fc7\u5206\u6bb5\u673a\u5236\u6620\u5c04\u5230\u7ebf\u6027\u5730\u5740\uff0c\u7136\u540e\u7ebf\u6027\u5730\u5740\u901a\u8fc7\u5206\u9875\u673a\u5236\u6620\u5c04\u5230\u7269\u7406\u5730\u5740",
      "knowledge": "\u7f16\u8bd1\u548c\u4f53\u7cfb\u7ed3\u6784 \u64cd\u4f5c\u7cfb\u7edf",
      "question": "X86\u4f53\u7cfb\u7ed3\u6784\u5728\u4fdd\u62a4\u6a21\u5f0f\u4e0b\u4e2d\u6709\u4e09\u79cd\u5730\u5740\uff0c\u8bf7\u95ee\u4e00\u4e0b\u90a3\u79cd\u8bf4\u6cd5\u662f\u6b63\u786e\u7684\uff1f",
      "title": "360-2015\u6821\u62db\u7814\u53d1\u5728\u7ebf\u7b14\u8bd5\u9898"
    },
    {
      "ID": "55fa69c5e4b043d0caf270cf",
      "typeID": "55dd5e2360b258078b9e4458",
      "optionD": "Hash\u6587\u4ef6",
      "optionC": "\u94fe\u63a5\u6587\u4ef6",
      "optionAnswer": "C",
      "answer": " ",
      "optionB": "\u7d22\u5f15\u6587\u4ef6",
      "type": "1",
      "optionA": "\u987a\u5e8f\u6587\u4ef6",
      "knowledge": "\u64cd\u4f5c\u7cfb\u7edf",
      "question": "\u5f53\u9700\u8981\u5bf9\u6587\u4ef6\u8fdb\u884c\u968f\u673a\u5b58\u53d6\u65f6\uff0c\u4e0b\u5217\u54ea\u4e00\u79cd\u6587\u4ef6\u7269\u7406\u7ed3\u6784\u4e0d\u9002\u7528\u4e8e\u4e0a\u8ff0\u5e94\u7528\u573a\u666f\uff1f",
      "title": "360-2015\u6821\u62db\u7814\u53d1\u5728\u7ebf\u7b14\u8bd5\u9898"
    },
    {
      "ID": "55fa69c5e4b043d0caf270d0",
      "typeID": "55dd5e2360b258078b9e4458",
      "optionD": "123444",
      "optionC": "122444",
      "optionAnswer": "C",
      "answer": " ",
      "optionB": "11314444",
      "type": "1",
      "optionA": "11214444",
      "knowledge": "C/C++ \u7f16\u7a0b\u57fa\u7840",
      "question": "#include<iostream>\nusing namespace std;\nclass MyClass\n{\npublic:\n    MyClass(int i = 0)\n    {\n        cout << i;\n    }\n    MyClass(const MyClass &x)\n    {\n        cout << 2;\n    }\n    MyClass &operator=(const MyClass &x)\n    {\n        cout << 3;\n        re",
      "title": "360-2015\u6821\u62db\u7814\u53d1\u5728\u7ebf\u7b14\u8bd5\u9898"
    },
    {
      "ID": "55fa69c5e4b043d0caf270d1",
      "typeID": "55dd5e2360b258078b9e4458",
      "optionD": "0\uff0c0\uff0c1",
      "optionC": "0\uff0c1\uff0c1",
      "optionAnswer": "A",
      "answer": " ",
      "optionB": "1\uff0c1\uff0c0",
      "type": "1",
      "optionA": "1\uff0c0\uff0c0",
      "knowledge": "\u7f16\u7a0b\u57fa\u7840",
      "question": "\u5728\u4e00\u4e2a64\u4f4d\u7684\u64cd\u4f5c\u7cfb\u7edf\u4e2d\u5b9a\u4e49\u5982\u4e0b\u7ed3\u6784\u4f53\uff1a\nstruct st_task{\n    uint16_t id;\n    uint32_t value;\n    uint64_t timestamp;\n};\n\u540c\u65f6\u5b9a\u4e49fool\u51fd\u6570\u5982\u4e0b\uff1a\nvoid fool(){\n    st_task task = {};\n    uint64_t a = 0x00010001; \n   memcpy(&task, &a, sizeof(uint64_t));\n    printf(\"%11u,%11u,%11u\", task.id, task.value, task.timestamp);\n}\n\u4e0a\u8ff0fool()\u7a0b\u5e8f\u7684\u6267\u884c\u7ed3\u679c\u4e3a\uff08\uff09",
      "title": "360-2015\u6821\u62db\u7814\u53d1\u5728\u7ebf\u7b14\u8bd5\u9898"
    },
    {
      "ID": "55fa69c5e4b043d0caf270d2",
      "typeID": "55dd5e2360b258078b9e4458",
      "optionD": "4",
      "optionC": "3",
      "optionAnswer": "D",
      "answer": " ",
      "optionB": "2",
      "type": "1",
      "optionA": "1",
      "knowledge": "C/C++ \u7f16\u7a0b\u57fa\u7840",
      "question": "\u4e0b\u9762\u4ee3\u7801\u4f1a\u8f93\u51fa\u4ec0\u4e48\uff08\uff09\nint main(int argc, char **argv)\n{\n    int a[4] = {1, 2, 3, 4};\n    int *ptr = (int *)(&a + 1);\n    printf(\"%d\", *(ptr - 1));\n}",
      "title": "360-2015\u6821\u62db\u7814\u53d1\u5728\u7ebf\u7b14\u8bd5\u9898"
    },
    {
      "ID": "55fa69c5e4b043d0caf270d3",
      "typeID": "55dd5e2360b258078b9e4458",
      "optionD": "31",
      "optionC": "5",
      "optionAnswer": "D",
      "answer": " ",
      "optionB": "8",
      "type": "1",
      "optionA": "10",
      "knowledge": "C/C++ \u7f16\u7a0b\u57fa\u7840",
      "question": "int fun(int a)\n{\n    a = (1 << 5) - 1;\n    return a;\n}\nFun(21)\u7ed3\u679c\u662f\uff08\uff09",
      "title": "360-2015\u6821\u62db\u7814\u53d1\u5728\u7ebf\u7b14\u8bd5\u9898"
    },
    {
      "ID": "55fa69c5e4b043d0caf270d4",
      "typeID": "55dd5e2360b258078b9e4458",
      "optionD": "template<class A\uff0cclass B> void sort(A first\uff0cA last\uff0cB pred)",
      "optionC": "template<class A><class B> void sort(A first\uff0cA last\uff0cB pred)",
      "optionAnswer": "D",
      "answer": " ",
      "optionB": "void template(class A\uff0cclass B)sort(A first\uff0cA last\uff0cB pred)",
      "type": "1",
      "optionA": "void sort(class A first\uff0cclass A last\uff0cclass B pred)",
      "knowledge": "C/C++ \u7f16\u7a0b\u57fa\u7840",
      "question": "\u4e0b\u9762\u54ea\u4e00\u4e2a\u662fsort\u7684template\u7684\u6b63\u786e\u5199\u6cd5",
      "title": "360-2015\u6821\u62db\u7814\u53d1\u5728\u7ebf\u7b14\u8bd5\u9898"
    },
    {
      "ID": "55fa69c5e4b043d0caf270d5",
      "typeID": "55dd5e2360b258078b9e4458",
      "optionD": "0\uff0c0",
      "optionC": "1\uff0c0",
      "optionAnswer": "A",
      "answer": " ",
      "optionB": "1\uff0c1",
      "type": "1",
      "optionA": "0\uff0c1",
      "knowledge": "C/C++ \u7f16\u7a0b\u57fa\u7840",
      "question": "\u5728c++\u4e2d\uff0c\nconst int i = 0; \nint *j = (int *) &i; \n*j = 1; \nprintf(\"%d,%d\", i, *j)\n\u8f93\u51fa\u662f\u591a\u5c11\uff1f",
      "title": "360-2015\u6821\u62db\u7814\u53d1\u5728\u7ebf\u7b14\u8bd5\u9898"
    },
    {
      "ID": "55fa69c5e4b043d0caf270d6",
      "typeID": "55dd5e2360b258078b9e4458",
      "optionD": "\u4ee5\u4e0a\u5168\u90e8\u4e0d\u6b63\u786e",
      "optionC": "Well",
      "optionAnswer": "D",
      "answer": " ",
      "optionB": "Hello World!",
      "type": "1",
      "optionA": "Hello",
      "knowledge": "C/C++ \u5b57\u7b26\u4e32 \u7f16\u7a0b\u57fa\u7840",
      "question": "\u5982\u4e0b\u4ee3\u7801\u8f93\u51fa\u7ed3\u679c\u662f\u4ec0\u4e48\uff1f\n#include<stdio.h>\nchar *myString()\n{\n    char buffer[6] = {0};\n    char *s = \"Hello World!\";\n    for (int i = 0; i < sizeof(buffer) - 1; i++)\n    {\n        buffer[i] = *(s + i);\n    }\n    return buffer;\n}\nint main(int argc, char **argv)\n{\n    printf(\"%s\\n\", myString());\n    return 0;\n}\n",
      "title": "360-2015\u6821\u62db\u7814\u53d1\u5728\u7ebf\u7b14\u8bd5\u9898"
    },
    {
      "ID": "55fa69c5e4b043d0caf270d7",
      "typeID": "55dd5e2360b258078b9e4458",
      "optionD": "char b[10]=\"HELLO!\";",
      "optionC": "char b[10];strcpy(b\uff0c\"HELLO!\");",
      "optionAnswer": "B",
      "answer": " ",
      "optionB": "char b[10];b=\"HELLO!\";",
      "type": "1",
      "optionA": "char b[10]={'H'\uff0c'E'\uff0c'L'\uff0c'L'\uff0c'O'\uff0c'!'\uff0c'\\0'};",
      "knowledge": "C/C++ \u5b57\u7b26\u4e32 \u7f16\u7a0b\u57fa\u7840",
      "question": "\u4e0d\u80fd\u628a\u5b57\u7b26\u4e32\"HELLO!\"\u8d4b\u7ed9\u6570\u7ec4b\u7684\u8bed\u53e5\u662f\uff08\uff09",
      "title": "360-2015\u6821\u62db\u7814\u53d1\u5728\u7ebf\u7b14\u8bd5\u9898"
    },
    {
      "ID": "55fa69c5e4b043d0caf270d8",
      "typeID": "55dd5e2360b258078b9e4458",
      "optionD": "X+215",
      "optionC": "X+368",
      "optionAnswer": "C",
      "answer": " ",
      "optionB": "X+365",
      "type": "1",
      "optionA": "X+195",
      "knowledge": "C/C++ \u7f16\u7a0b\u57fa\u7840",
      "question": "struct Date\n{\n    char a;\n    int b;\n    int64_t c;\n    char d;\n};\nDate data[2][10];\n \u572832\u4f4d\u7cfb\u7edf\u4e0a\uff0c\u5982\u679cData\u7684\u5730\u5740\u662fx\uff0c\u90a3\u4e48data[1][5].c\u7684\u5730\u5740\u662f\uff08\uff09",
      "title": "360-2015\u6821\u62db\u7814\u53d1\u5728\u7ebf\u7b14\u8bd5\u9898"
    },
    {
      "ID": "55fa69c5e4b043d0caf270d9",
      "typeID": "55dd5e2360b258078b9e4458",
      "optionD": "int (*a[10])(int);",
      "optionC": "int *a[10];",
      "optionAnswer": "C",
      "answer": " ",
      "optionB": "int (*a)[10];",
      "type": "1",
      "optionA": "int a[10];",
      "knowledge": "C/C++ \u7f16\u7a0b\u57fa\u7840",
      "question": "\u5982\u4f55\u5b9a\u4e49\u4e00\u4e2aint\u7c7b\u578b\u7684\u6307\u9488\u6570\u7ec4\uff0c\u6570\u7ec4\u5143\u7d20\u4e2a\u6570\u4e3a10\u4e2a\uff1a",
      "title": "360-2015\u6821\u62db\u7814\u53d1\u5728\u7ebf\u7b14\u8bd5\u9898"
    },
    {
      "ID": "55fa69c5e4b043d0caf270da",
      "typeID": "55dd5e2360b258078b9e4458",
      "optionD": "52",
      "optionC": "51",
      "optionAnswer": "C",
      "answer": " ",
      "optionB": "50",
      "type": "1",
      "optionA": "49",
      "knowledge": "\u6811",
      "question": "\u5c06\u4e00\u9897\u6709100\u4e2a\u7ed3\u70b9\u7684\u5b8c\u5168\u4e8c\u53c9\u6811\u4ece\u6839\u8fd9\u4e00\u5c42\u5f00\u59cb\uff0c\u8fdb\u884c\u5e7f\u5ea6\u904d\u5386\u7f16\u53f7\uff0c\u90a3\u4e48\u7f16\u53f7\u6700\u5c0f\u7684\u53f6\u8282\u70b9\u7684\u7f16\u53f7\u662f\uff08\uff09",
      "title": "360-2015\u6821\u62db\u7814\u53d1\u5728\u7ebf\u7b14\u8bd5\u9898"
    },
    {
      "ID": "55fa69c5e4b043d0caf270db",
      "typeID": "55dd5e2360b258078b9e4458",
      "optionD": "\u6808",
      "optionC": "\u961f\u5217",
      "optionAnswer": "D",
      "answer": " ",
      "optionB": "\u6811",
      "type": "1",
      "optionA": "\u94fe\u8868",
      "knowledge": "\u94fe\u8868",
      "question": "\u89e3\u6790XML\u65f6\uff0c\u9700\u8981\u6821\u9a8c\u8282\u70b9\u662f\u5426\u95ed\u5408\uff0c\u5982\u5fc5\u987b\u6709\u4e0e\u4e4b\u5bf9\u5e94\uff0c\u7528\uff08\uff09\u6570\u636e\u7ed3\u6784\u5b9e\u73b0\u6bd4\u8f83\u597d\uff08\uff09",
      "title": "360-2015\u6821\u62db\u7814\u53d1\u5728\u7ebf\u7b14\u8bd5\u9898"
    },
    {
      "ID": "55fa69c5e4b043d0caf270dc",
      "typeID": "55dd5e2360b258078b9e4458",
      "optionD": "O(n^2  logn)",
      "optionC": "O(n)",
      "optionAnswer": "B",
      "answer": " ",
      "optionB": "O(n^2)",
      "type": "1",
      "optionA": "O(nlogn\uff09",
      "knowledge": "\u590d\u6742\u5ea6 \u6392\u5e8f",
      "question": "\u5feb\u901f\u6392\u5e8f\u7b97\u6cd5\u5728\u5e8f\u5217\u5df2\u7ecf\u6709\u5e8f\u7684\u60c5\u51b5\u4e0b\u7684\u590d\u6742\u5ea6\u4e3a\uff08\uff09",
      "title": "360-2015\u6821\u62db\u7814\u53d1\u5728\u7ebf\u7b14\u8bd5\u9898"
    },
    {
      "ID": "55fa69c5e4b043d0caf270dd",
      "typeID": "55dd5e2360b258078b9e4458",
      "optionD": "a\uff0ce\uff0cd\uff0cf\uff0cc\uff0cb",
      "optionC": "a\uff0ce\uff0cb\uff0cc\uff0cf\uff0cd",
      "optionAnswer": "D",
      "answer": " ",
      "optionB": "a\uff0cc\uff0cf\uff0ce\uff0cb\uff0cd",
      "type": "1",
      "optionA": "a\uff0cb\uff0ce\uff0cc\uff0cd\uff0cf",
      "knowledge": "\u56fe \u6392\u5e8f",
      "question": "\u65e0\u5411\u56feG=\uff08V E\uff09\uff0c\u5176\u4e2dV={a,b,c,d,e,f},E={<a,b>,<a,e>,<a,c>,<b,e>,<c,f>,<f,d>,<e,d>}\u5bf9\u8be5\u56fe\u8fdb\u884c\u6df1\u5ea6\u4f18\u5148\u6392\u5e8f\uff0c\u5f97\u5230\u7684\u9876\u70b9\u5e8f\u5217\u6b63\u786e\u7684\u662f\uff08\uff09",
      "title": "360-2015\u6821\u62db\u7814\u53d1\u5728\u7ebf\u7b14\u8bd5\u9898"
    }
  ]
}