{
  "success": 1,
  "total": 2100,
  "result": [
    {
      "ID": "55fa69c5e4b043d0caf270de",
      "typeID": "55dd5e2360b258078b9e4458",
      "optionD": "AB,B",
      "optionC": "B,B",
      "optionAnswer": "D",
      "answer": " ",
      "optionB": "A,B",
      "type": "1",
      "optionA": "A,A",
      "knowledge": "Java",
      "question": "\u6267\u884c\u4ee5\u4e0b\u7a0b\u5e8f\u540e\u7684\u8f93\u51fa\u7ed3\u679c\u662f\uff08\uff09\npublic class Test {\npublic static void main(String[] args) {\n    StringBuffer a = new StringBuffer(\"A\"); \n    StringBuffer b = new StringBuffer(\"B\"); \n    operator(a, b); \n    System.out.println(a + \",\" + b); \n} \npublic static void operator(StringBuffer x, StringBuffer y) { \n    x.append(y); y = x; \n}\n}",
      "title": "360-2016Java\u7814\u53d1\u5de5\u7a0b\u5e08\u5185\u63a8\u7b14\u8bd5\u9898"
    },
    {
      "ID": "55fa69c5e4b043d0caf270df",
      "typeID": "55dd5e2360b258078b9e4458",
      "optionD": "\u9002\u914d\u5668",
      "optionC": "\u6865\u63a5\u6a21\u5f0f",
      "optionAnswer": "A",
      "answer": " ",
      "optionB": "\u5408\u6210\u6a21\u5f0f",
      "type": "1",
      "optionA": "\u88c5\u9970\u6a21\u5f0f",
      "knowledge": "Java \u8f6f\u4ef6\u5de5\u7a0b",
      "question": "\u7ed3\u6784\u578b\u6a21\u5f0f\u4e2d\u6700\u4f53\u73b0\u6269\u5c55\u6027\u7684\u51e0\u79cd\u6a21\u5f0f\u662f\uff08\uff09",
      "title": "360-2016Java\u7814\u53d1\u5de5\u7a0b\u5e08\u5185\u63a8\u7b14\u8bd5\u9898"
    },
    {
      "ID": "55fa69c5e4b043d0caf270e0",
      "typeID": "55dd5e2360b258078b9e4458",
      "optionD": "-rw-r--r-x",
      "optionC": "-rw-r--rw-",
      "optionAnswer": "D",
      "answer": " ",
      "optionB": "-rw-r--rx-",
      "type": "1",
      "optionA": "-rw-r--r--",
      "knowledge": "Linux",
      "question": "\u5728Linux\u4e2d,\u5bf9file.sh\u6587\u4ef6\u6267\u884c#chmod 645 file.sh\u4e2d,\u8be5\u6587\u4ef6\u7684\u6743\u9650\u662f()",
      "title": "360-2016Java\u7814\u53d1\u5de5\u7a0b\u5e08\u5185\u63a8\u7b14\u8bd5\u9898"
    },
    {
      "ID": "55fa69c5e4b043d0caf270e1",
      "typeID": "55dd5e2360b258078b9e4458",
      "optionD": "999, 1999",
      "optionC": "999, 2000",
      "optionAnswer": "B",
      "answer": " ",
      "optionB": "1999, 1000",
      "type": "1",
      "optionA": "1999, 999",
      "knowledge": "\u7f51\u7edc\u57fa\u7840",
      "question": "TCP\u5efa\u7acb\u8fde\u63a5\u7684\u8fc7\u7a0b\u91c7\u7528\u4e09\u6b21\u63e1\u624b\uff0c\u5df2\u77e5\u7b2c\u4e09\u6b21\u63e1\u624b\u62a5\u6587\u7684\u53d1\u9001\u5e8f\u5217\u53f7\u4e3a1000\uff0c\u786e\u8ba4\u5e8f\u5217\u53f7\u4e3a2000\uff0c\u8bf7\u95ee\u7b2c\u4e8c\u6b21\u63e1\u624b\u62a5\u6587\u7684\u53d1\u9001\u5e8f\u5217\u53f7\u548c\u786e\u8ba4\u5e8f\u5217\u53f7\u5206\u522b\u4e3a",
      "title": "360-2016Java\u7814\u53d1\u5de5\u7a0b\u5e08\u5185\u63a8\u7b14\u8bd5\u9898"
    },
    {
      "ID": "55fa69c5e4b043d0caf270e2",
      "typeID": "55dd5e2360b258078b9e4458",
      "optionD": "\u670d\u52a1\u7aef\u672a\u6536\u5230\u5ba2\u6237\u7aef\u786e\u8ba4\u5305\uff0c\u7b49\u5f852*ml\u65f6\u95f4\u540e\u4f1a\u76f4\u63a5\u5173\u95ed\u8fde\u63a5",
      "optionC": "\u5f53\u5ba2\u6237\u7aef\u5904\u4e8eESTABLISHED\u72b6\u6001\u65f6\uff0c\u670d\u52a1\u7aef\u53ef\u80fd\u4ecd\u7136\u5904\u4e8eSYN_RCVD\u72b6\u6001",
      "optionAnswer": "C",
      "answer": " ",
      "optionB": "\u670d\u52a1\u7aef\u6536\u5230\u5ba2\u6237\u7aef\u7684ACK\u5305\u540e\u4f1a\u8fdb\u5165SYN_RCVD\u72b6\u6001",
      "type": "1",
      "optionA": "\u670d\u52a1\u7aef\u6536\u5230\u5ba2\u6237\u7aef\u7684SYN\u5305\u540e\u7b49\u5f852*ml\u65f6\u95f4\u540e\u5c31\u4f1a\u8fdb\u5165SYN_SENT\u72b6\u6001",
      "knowledge": "\u7f51\u7edc\u57fa\u7840",
      "question": "\u4e0b\u5217TCP\u8fde\u63a5\u5efa\u7acb\u8fc7\u7a0b\u63cf\u8ff0\u6b63\u786e\u7684\u662f\uff1a",
      "title": "360-2016Java\u7814\u53d1\u5de5\u7a0b\u5e08\u5185\u63a8\u7b14\u8bd5\u9898"
    },
    {
      "ID": "55fa69c5e4b043d0caf270e3",
      "typeID": "55dd5e2360b258078b9e4458",
      "optionD": "112.10.198.0",
      "optionC": "112.10.224.0",
      "optionAnswer": "A",
      "answer": " ",
      "optionB": "112.10.217.0",
      "type": "1",
      "optionA": "112.10.206.0",
      "knowledge": "\u7f51\u7edc\u57fa\u7840",
      "question": "\u5c5e\u4e8e\u7f51\u7edc112.10.200.0/21\u7684\u5730\u5740\u662f()",
      "title": "360-2016Java\u7814\u53d1\u5de5\u7a0b\u5e08\u5185\u63a8\u7b14\u8bd5\u9898"
    },
    {
      "ID": "55fa69c5e4b043d0caf270e4",
      "typeID": "55dd5e2360b258078b9e4458",
      "optionD": "2",
      "optionC": "1",
      "optionAnswer": "C",
      "answer": " ",
      "optionB": "null",
      "type": "1",
      "optionA": "0",
      "knowledge": "Java",
      "question": "\u4ee5\u4e0bjava\u7a0b\u5e8f\u4ee3\u7801\uff0c\u6267\u884c\u540e\u7684\u7ed3\u679c\u662f\uff08\uff09\njava.util.HashMap map=new java.util.HashMap(); \nmap.put(\"name\",null);      \nmap.put(\"name\",\"Jack\");\nSystem.out.println(map.size());\n",
      "title": "360-2016Java\u7814\u53d1\u5de5\u7a0b\u5e08\u5185\u63a8\u7b14\u8bd5\u9898"
    },
    {
      "ID": "55fa69c5e4b043d0caf270e5",
      "typeID": "55dd5e2360b258078b9e4458",
      "optionD": "\u8fd0\u884c\u65f6\u629b\u51fa\u5f02\u5e38",
      "optionC": "\u7f16\u8bd1\u9519\u8bef",
      "optionAnswer": "B",
      "answer": " ",
      "optionB": " true",
      "type": "1",
      "optionA": "Fred",
      "knowledge": "Java",
      "question": "\u4ee5\u4e0bjava\u7a0b\u5e8f\u4ee3\u7801\uff0c\u6267\u884c\u540e\u7684\u7ed3\u679c\u662f\uff08\uff09\njava.util.HashMap map=new java.util.HashMap(); \nmap.put(\"name\",null);      \nmap.put(\"name\",\"Jack\");\nSystem.out.println(map.size());",
      "title": "360-2016Java\u7814\u53d1\u5de5\u7a0b\u5e08\u5185\u63a8\u7b14\u8bd5\u9898"
    },
    {
      "ID": "55fa69c5e4b043d0caf270e6",
      "typeID": "55dd5e2360b258078b9e4458",
      "optionD": "\u8fd0\u884c\u671f\u629b\u51fa\u5f02\u5e38",
      "optionC": "\u8bed\u53e5\uff1ab3=b1+b2\u7f16\u8bd1\u51fa\u9519",
      "optionAnswer": "C",
      "answer": " ",
      "optionB": "\u8bed\u53e5\uff1ab6=b4+b5\u7f16\u8bd1\u51fa\u9519",
      "type": "1",
      "optionA": "\u8f93\u51fa\u7ed3\u679c\uff1a13",
      "knowledge": "Java",
      "question": "\u4ee3\u7801\u7247\u6bb5\uff1a \nbyte b1=1,b2=2,b3,b6; \nfinal byte b4=4,b5=6; \nb6=b4+b5; \nb3=(b1+b2); \nSystem.out.println(b3+b6);\n\u5173\u4e8e\u4e0a\u9762\u4ee3\u7801\u7247\u6bb5\u53d9\u8ff0\u6b63\u786e\u7684\u662f\uff08\uff09",
      "title": "360-2016Java\u7814\u53d1\u5de5\u7a0b\u5e08\u5185\u63a8\u7b14\u8bd5\u9898"
    },
    {
      "ID": "55fa69c5e4b043d0caf270e7",
      "typeID": "55dd5e2360b258078b9e4458",
      "optionD": "\u548c\u662f\uff1a43\uff0cfinally\u8bed\u53e5\u5757",
      "optionC": "finally\u8bed\u53e5\u5757\uff0c\u548c\u662f\uff1a43",
      "optionAnswer": "C",
      "answer": " ",
      "optionB": "\u7f16\u8bd1\u5f02\u5e38",
      "type": "1",
      "optionA": "catch\u8bed\u53e5\u5757\uff0c\u548c\u662f\uff1a43",
      "knowledge": "Java",
      "question": "\u4e0b\u9762\u4ee3\u7801\u8fd0\u884c\u7ed3\u679c\u662f\uff08\uff09\npublic class Test{ \n    public int add(int a,int b){   \n         try {\n             return a+b;      \n         } \n        catch (Exception e) {  \n            System.out.println(\"catch\u8bed\u53e5\u5757\");\n         }\n         finally{ \n             System.out.println(\"finally\u8bed\u53e5\u5757\");\n         }\n         return 0;\n    } \n     public static void main(String argv[]){ \n         Test test =new Test(); \n         System.out.println(\"\u548c\u662f\uff1a\"+test.add(9, 34)); \n     }\n}",
      "title": "360-2016Java\u7814\u53d1\u5de5\u7a0b\u5e08\u5185\u63a8\u7b14\u8bd5\u9898"
    },
    {
      "ID": "55fa69c5e4b043d0caf270e8",
      "typeID": "55dd5e2360b258078b9e4458",
      "optionD": "\u5728\u4e00\u4e2a\u5df2\u5173\u95ed\u7684socket\u4e0a\u6536\u5230\u6570\u636e",
      "optionC": "\u670d\u52a1\u5668\u4e3b\u673a\u5d29\u6e83\u540e\u91cd\u542f",
      "optionAnswer": "C",
      "answer": " ",
      "optionB": "SO_RCVTIMEO\u9009\u9879\u8bbe\u7f6e\u4e86\u8d85\u65f6\u65f6\u95f4\u5e76\u8d85\u65f6",
      "type": "1",
      "optionA": "\u670d\u52a1\u5668\u7aef\u7aef\u53e3\u672a\u6253\u5f00\u800c\u5ba2\u6237\u7aef\u6765\u8fde\u63a5\u65f6",
      "knowledge": "Java",
      "question": "\u4ee5\u4e0b\u60c5\u51b5\u4e0b\u4e0d\u4e00\u5b9a\u51fa\u73b0TCP\u5206\u8282RST\u7684\u60c5\u51b5\u662f\uff1a",
      "title": "360-2016Java\u7814\u53d1\u5de5\u7a0b\u5e08\u5185\u63a8\u7b14\u8bd5\u9898"
    },
    {
      "ID": "55fa69c5e4b043d0caf270e9",
      "typeID": "55dd5e2360b258078b9e4458",
      "optionD": "\u540c\u65f6\u5220\u9664\u8bed\u53e5E\u548c\u8bed\u53e5F",
      "optionC": "\u540c\u65f6\u4fdd\u7559\u8bed\u53e5C\u548c\u8bed\u53e5D",
      "optionAnswer": "D",
      "answer": " ",
      "optionB": "\u4fdd\u7559\u8bed\u53e5E\u5e76\u4e14\u5220\u9664\u8bed\u53e5C",
      "type": "1",
      "optionA": "\u4fdd\u7559\u8bed\u53e5E\u5e76\u4e14\u5220\u9664\u8bed\u53e5D",
      "knowledge": "\u6570\u636e\u5e93",
      "question": "\u4e00\u4e2a\u6570\u636e\u5e93\u4e2d\u73b0\u6709A,B,C,D,E,F\u516d\u4e2a\u8bed\u53e5\u4f46\u76ee\u524d\u8fd9\u4e2a\u6570\u636e\u5e93\u662f\u4e0d\u534f\u8c03\u7684\uff0c\u5fc5\u987b\u5220\u9664\u67d0\u4e9b\u8bed\u53e5\u624d\u80fd\u6062\u590d\u6570\u636e\u5e93\u7684\u534f\u8c03\u6027\u3002\u5df2\u77e5\uff1a\uff081\uff09\u5982\u679c\u4fdd\u7559\u8bed\u53e5A\uff0c\u90a3\u4e48\u5fc5\u987b\u4fdd\u7559\u8bed\u53e5B\u548cC\u3002\uff082\uff09\u5982\u679c\u4fdd\u7559\u8bed\u53e5E\uff0c\u5219\u5fc5\u987b\u540c\u65f6\u5220\u9664\u8bed\u53e5D\u548c\u8bed\u53e5C\u3002\uff083\uff09\u53ea\u6709\u4fdd\u7559\u8bed\u53e5E\uff0c\u624d\u80fd\u4fdd\u7559\u8bed\u53e5F\u3002\uff084\uff09\u8bed\u53e5A\u662f\u91cd\u8981\u7684\u4fe1\u606f\uff0c\u4e0d\u80fd\u5220\u9664\u4ee5\u4e0a\u5404\u9879\u5982\u679c\u4e3a\u771f\uff0c\u5219\u4ee5\u4e0b\u54ea\u9879\u4e00\u5b9a\u4e3a\u771f\uff1f",
      "title": "360-2016Java\u7814\u53d1\u5de5\u7a0b\u5e08\u5185\u63a8\u7b14\u8bd5\u9898"
    },
    {
      "ID": "55fa69c5e4b043d0caf270ea",
      "typeID": "55dd5e2360b258078b9e4458",
      "optionD": "\u4e8c\u8005\u90fd\u6ee1\u8db3\u5f00\u95ed\u539f\u5219\uff1a\u9759\u6001\u5de5\u5382\u4ee5if else\u65b9\u5f0f\u521b\u5efa\u5bf9\u8c61\uff0c\u589e\u52a0\u9700\u6c42\u7684\u65f6\u5019\u4f1a\u4fee\u6539\u6e90\u4ee3\u7801",
      "optionC": "\u9759\u6001\u5de5\u5382\u5bf9\u5177\u4f53\u4ea7\u54c1\u7684\u521b\u5efa\u7c7b\u522b\u548c\u521b\u5efa\u65f6\u673a\u7684\u5224\u65ad\u662f\u6df7\u548c\u5728\u4e00\u8d77\u7684\uff0c\u8fd9\u70b9\u5728\u5de5\u5382\u65b9\u6cd5\u4e2d",
      "optionAnswer": "D",
      "answer": " ",
      "optionB": "\u4e0d\u80fd\u5f62\u6210\u9759\u6001\u5de5\u5382\u7684\u7ee7\u627f\u7ed3\u6784",
      "type": "1",
      "optionA": "\u5728\u5de5\u5382\u65b9\u6cd5\u6a21\u5f0f\u4e2d\uff0c\u5bf9\u4e8e\u5b58\u5728\u7ee7\u627f\u7b49\u7ea7\u7ed3\u6784\u7684\u4ea7\u54c1\u6811\uff0c\u4ea7\u54c1\u7684\u521b\u5efa\u662f\u901a\u8fc7\u76f8\u5e94\u7b49\u7ea7\u7ed3\u6784\u7684\u5de5\u5382\u521b\u5efa\u7684",
      "knowledge": "\u8f6f\u4ef6\u5de5\u7a0b",
      "question": "\u4e0b\u5217\u5173\u4e8e\u9759\u6001\u5de5\u5382\u548c\u5de5\u5382\u65b9\u6cd5\u8868\u8ff0\u9519\u8bef\u7684\u662f\uff1a\uff08\uff09",
      "title": "360-2016Java\u7814\u53d1\u5de5\u7a0b\u5e08\u5185\u63a8\u7b14\u8bd5\u9898"
    },
    {
      "ID": "55fa69c5e4b043d0caf270eb",
      "typeID": "55dd5e2360b258078b9e4458",
      "optionD": "(m-r+f)mod m",
      "optionC": "(m-r-f)mod m",
      "optionAnswer": "A",
      "answer": " ",
      "optionB": "r-f",
      "type": "1",
      "optionA": "(m+r-f)mod m",
      "knowledge": "\u961f\u5217",
      "question": "\u8bbe\u6709\u4e00\u4e2a\u7528\u6570\u7ec4Q[1..m]\u8868\u793a\u7684\u73af\u5f62\u961f\u5217\uff0c\u7ea6\u5b9af\u4e3a\u5f53\u524d\u961f\u5934\u5143\u7d20\u5728\u6570\u7ec4\u4e2d\u7684\u4f4d\u7f6e\uff0cr\u4e3a\u961f\u5c3e\u5143\u7d20\u7684\u540e\u4e00\u4f4d\u7f6e(\u6309\u987a\u65f6\u9488\u65b9\u5411),\u82e5\u961f\u5217\u975e\u7a7a\uff0c\u5219\u8ba1\u7b97\u961f\u5217\u4e2d\u5143\u7d20\u4e2a\u6570\u7684\u516c\u5f0f\u5e94\u4e3a()",
      "title": "360-2016Java\u7814\u53d1\u5de5\u7a0b\u5e08\u5185\u63a8\u7b14\u8bd5\u9898"
    },
    {
      "ID": "55fa69c5e4b043d0caf270ec",
      "typeID": "55dd5e2360b258078b9e4458",
      "optionD": "O(n)",
      "optionC": "O(n^2)",
      "optionAnswer": "A",
      "answer": " ",
      "optionB": "O(1)",
      "type": "1",
      "optionA": "O(logn)",
      "knowledge": "\u7f16\u7a0b\u57fa\u7840",
      "question": "\u4ee5\u4e0b\u7a0b\u5e8f\u662f\u7528\u8f97\u8f6c\u76f8\u9664\u6cd5\u6765\u8ba1\u7b97\u4e24\u4e2a\u975e\u8d1f\u6570\u4e4b\u95f4\u7684\u6700\u5927\u516c\u7ea6\u6570\uff1a\nlong long gcd(long long x,long long y){ \n     if(y==0) \n        return x; \n     else return gcd(y,x%y);\n}\n\u6211\u4eec\u5047\u8bbex,y\u4e2d\u6700\u5927\u7684\u90a3\u4e2a\u6570\u7684\u957f\u5ea6\u4e3an\uff0c\u57fa\u672c\u57fa\u672c\u8fd0\u7b97\u65f6\u95f4\u590d\u6742\u5ea6\u662fO(1),\u90a3\u4e48\u8be5\u7a0b\u5e8f\u7684\u65f6\u95f4\u590d\u6742\u5ea6\u4e3a\uff08\uff09",
      "title": "360-2016Java\u7814\u53d1\u5de5\u7a0b\u5e08\u5185\u63a8\u7b14\u8bd5\u9898"
    },
    {
      "ID": "55fa69c5e4b043d0caf270ed",
      "typeID": "55dd5e2360b258078b9e4458",
      "optionD": "177",
      "optionC": "157",
      "optionAnswer": "D",
      "answer": " ",
      "optionB": "137",
      "type": "1",
      "optionA": "117",
      "knowledge": "\u7f16\u7a0b\u57fa\u7840",
      "question": "\u8ba1\u7b97\u6590\u6ce2\u90a3\u5951\u6570\u5217\u7b2cn\u9879\u7684\u51fd\u6570\u5b9a\u4e49\u5982\u4e0b\uff1a\nint fib(int n){ \n     if(n==0) \n        return 1; \n     else if(n==1) \n        return 2; \n     else \n        return fib(n-1)+fib(n-2);\n}\n\u82e5\u6267\u884c\u51fd\u6570\u8c03\u7528\u8868\u8fbe\u5f0ffib(10),\u51fd\u6570fib\u88ab\u8c03\u7528\u7684\u6b21\u6570\u662f\uff1a",
      "title": "360-2016Java\u7814\u53d1\u5de5\u7a0b\u5e08\u5185\u63a8\u7b14\u8bd5\u9898"
    },
    {
      "ID": "55fa69c5e4b043d0caf270ee",
      "typeID": "55dd5e2360b258078b9e4458",
      "optionD": "5,8",
      "optionC": "5,6",
      "optionAnswer": "D",
      "answer": " ",
      "optionB": "4,10",
      "type": "1",
      "optionA": "4,5",
      "knowledge": "\u56fe",
      "question": "\u8bbe\u56feG\u7684\u76f8\u90bb\u77e9\u9635\u5982\u4e0b\u56fe\uff1a\u5219G\u7684\u9876\u70b9\u6570\u548c\u8fb9\u6570\u5206\u522b\u4e3a\uff1a\n0 1 1 1 1\n1 0 1 0 0\n1 1 0 1 1\n1 0 1 0 1\n1 0 1 1 0",
      "title": "360-2016Java\u7814\u53d1\u5de5\u7a0b\u5e08\u5185\u63a8\u7b14\u8bd5\u9898"
    }
  ]
}