{
  "success": 1,
  "total": 2100,
  "result": [
    {
      "ID": "55fa69c4e4b043d0caf27088",
      "typeID": "55dd5e2360b258078b9e4458",
      "optionD": "for(int i=0;i<1000;j++) for(int j=0;j<1000;j++) x[i][j]+=x[i][j];",
      "optionC": "for(int i=0;i<1000;j++) for(int j=0;j<1000;j++) x[j][i]+=x[j][i];",
      "optionAnswer": "D",
      "answer": " ",
      "optionB": "for(int i=0;i<1000;j++) for(int j=0;j<1000;j++) x[i][j]+=x[j][i];",
      "type": "1",
      "optionA": "for(int j=0;j<1000;j++) for(int i=0;i<1000;i++) x[i][j]+=x[j][i];",
      "knowledge": "C/C++",
      "question": "x\u662f\u4e00\u4e2a\u884c\u5217\u6570\u5747\u4e3a1000\u4e8c\u7ef4\u6570\u7ec4\uff0c\u4e0b\u9762\u4ee3\u7801\u6548\u7387\u6267\u884c\u6700\u9ad8\u7684\u662f\uff08\uff09",
      "title": "360-2016C++\u7814\u53d1\u5de5\u7a0b\u5e08\u5185\u63a8\u7b14\u8bd5\u9898"
    },
    {
      "ID": "55fa69c4e4b043d0caf27089",
      "typeID": "55dd5e2360b258078b9e4458",
      "optionD": "char b[10]=\"HELLO!\";",
      "optionC": "char b[10];strcpy(b\uff0c\"HELLO!\");",
      "optionAnswer": "B",
      "answer": " ",
      "optionB": "char b[10];b=\"HELLO!\";",
      "type": "1",
      "optionA": "char b[10]={'H'\uff0c'E'\uff0c'L'\uff0c'L'\uff0c'O'\uff0c'!'\uff0c'\\0'};",
      "knowledge": "C/C++",
      "question": "\u4e0d\u80fd\u628a\u5b57\u7b26\u4e32\"HELLO!\"\u8d4b\u7ed9\u6570\u7ec4b\u7684\u8bed\u53e5\u662f\uff08\uff09",
      "title": "360-2016C++\u7814\u53d1\u5de5\u7a0b\u5e08\u5185\u63a8\u7b14\u8bd5\u9898"
    },
    {
      "ID": "55fa69c4e4b043d0caf2708a",
      "typeID": "55dd5e2360b258078b9e4458",
      "optionD": "E7H",
      "optionC": "E6H",
      "optionAnswer": "D",
      "answer": " ",
      "optionB": "99H",
      "type": "1",
      "optionA": "67H",
      "knowledge": "C/C++",
      "question": "\u5047\u8bbe\u5bc4\u5b58\u5668\u4e3a8\u4f4d\uff0c\u7528\u8865\u7801\u5f62\u5f0f\u5b58\u50a8\u673a\u5668\u6570\uff0c\u5305\u62ec\u4e00\u4f4d\u7b26\u53f7\u4f4d\uff0c\u90a3\u4e48\u5341\u8fdb\u5236\u6570-25\u5728\u5bc4\u5b58\u5668\u8868\u793a\u4e3a\uff1a",
      "title": "360-2016C++\u7814\u53d1\u5de5\u7a0b\u5e08\u5185\u63a8\u7b14\u8bd5\u9898"
    },
    {
      "ID": "55fa69c4e4b043d0caf2708b",
      "typeID": "55dd5e2360b258078b9e4458",
      "optionD": "0\uff0c0",
      "optionC": "1\uff0c0",
      "optionAnswer": "A",
      "answer": " ",
      "optionB": "1\uff0c1",
      "type": "1",
      "optionA": "0\uff0c1",
      "knowledge": "C/C++",
      "question": "\u5728c++\u4e2d\uff0cconst int i = 0; \nint *j = (int *) &i; \n*j = 1; \nprintf(\"%d,%d\", i, *j)\u8f93\u51fa\u662f\u591a\u5c11?",
      "title": "360-2016C++\u7814\u53d1\u5de5\u7a0b\u5e08\u5185\u63a8\u7b14\u8bd5\u9898"
    },
    {
      "ID": "55fa69c4e4b043d0caf2708c",
      "typeID": "55dd5e2360b258078b9e4458",
      "optionD": "struct str_t *pData=(struct str_t*)&str; printf(\"data:%s%s\\n\",str.data,(char*)(pData->data));",
      "optionC": "struct data1_t *pData=(struct data1_t*)&str;printf(\"data:%s%s\\n\",str.data,(char*)(pData->data));",
      "optionAnswer": "B",
      "answer": " ",
      "optionB": "struct data2_t *pData=(struct data2_t*)&str; printf(\"data:%s%s\\n\",str.data,(char*)(pData->data[0]));",
      "type": "1",
      "optionA": "struct data3_t *pData=(struct data3_t*)&str; printf(\"data:%s%s\\n\",str.data,(char*)(&(pData->data[0])));",
      "knowledge": "C/C++",
      "question": "\u4e0b\u9762\u4ee3\u7801\u4e0d\u80fd\u6b63\u786e\u8f93\u51fahello\u7684\u9009\u9879\u4e3a\n#include<stdio.h>\nstruct str_t{\n   long long len;\n   char data[32];\n};\nstruct data1_t{\n   long long len;\n   int data[2];\n};\nstruct data2_t{\n   long long len;\n   char *data[1];\n};\nstruct data3_t{\n   long long len;\n   void *data[];\n};\nint main(void)\n{\n   struct str_t str;\n   memset((void*)&str,0,sizeof(struct str_t));\n   str.len=sizeof(struct str_t)-sizeof(int);\n   snprintf(str.data,str.len,\"hello\");\n//VS\u4e0b\u4e3a_snprintf\n   ____________________________________;\n   ____________________________________;\n   return 0;\n}",
      "title": "360-2016C++\u7814\u53d1\u5de5\u7a0b\u5e08\u5185\u63a8\u7b14\u8bd5\u9898"
    },
    {
      "ID": "55fa69c4e4b043d0caf2708d",
      "typeID": "55dd5e2360b258078b9e4458",
      "optionD": "122",
      "optionC": "102",
      "optionAnswer": "D",
      "answer": " ",
      "optionB": "20",
      "type": "1",
      "optionA": "111",
      "knowledge": "C/C++",
      "question": "\u4e0b\u9762\u4ee3\u7801\u6bb5\u8f93\u51fa\u4e3a\uff1aint i;\n  for(i=0;i<3;i++){\n    switch(i){\n    case 0:printf(\"%d\",i);\n    case 2:printf(\"%d\",i);\n    default:printf(\"%d\",i);\n    }\n  }",
      "title": "360-2016C++\u7814\u53d1\u5de5\u7a0b\u5e08\u5185\u63a8\u7b14\u8bd5\u9898"
    },
    {
      "ID": "55fa69c4e4b043d0caf2708e",
      "typeID": "55dd5e2360b258078b9e4458",
      "optionD": "8,val1\u4f1a\u88ab\u8986\u76d6",
      "optionC": "8,val2\u4f1a\u88ab\u8986\u76d6",
      "optionAnswer": "C",
      "answer": " ",
      "optionB": "\u5176\u4ed6\u4e09\u9879\u90fd\u4e0d\u5bf9",
      "type": "1",
      "optionA": "16,val2\u4f1a\u88ab\u8986\u76d6",
      "knowledge": "C/C++",
      "question": "int function(const int src[16]){int val1=0;int dst[16]={0};int val2=0;const int *psrc=src;//\u95ee\u98981\uff1a\u5982\u4e0b\u4ee3\u7801\u884c\u8f93\u51fa\u4ec0\u4e48\uff1fprintf(stdout,\"size of src=%lu\\n\",sizeof(src));//\u95ee\u98982\uff1a\u5982\u4e0b\u4ee3\u7801\u6709\u4ec0\u4e48\u526f\u4f5c\u7528\uff1ffor(int i=0;i<=16;i++){dst[i]=*psrc+i;psrc++;}return 0;}",
      "title": "360-2016C++\u7814\u53d1\u5de5\u7a0b\u5e08\u5185\u63a8\u7b14\u8bd5\u9898"
    },
    {
      "ID": "55fa69c4e4b043d0caf2708f",
      "typeID": "55dd5e2360b258078b9e4458",
      "optionD": "9",
      "optionC": "36",
      "optionAnswer": "C",
      "answer": " ",
      "optionB": "18",
      "type": "1",
      "optionA": "3",
      "knowledge": "C/C++",
      "question": "\u4e0b\u9762\u7a0b\u5e8f\u7684\u8f93\u51fa\u662f\uff1a#define f(x) x*x\nmain (){\n  int a=6,b=2,c;\n  c=f(a)/f(b);\n  printf(\"%d\",c);\n}",
      "title": "360-2016C++\u7814\u53d1\u5de5\u7a0b\u5e08\u5185\u63a8\u7b14\u8bd5\u9898"
    },
    {
      "ID": "55fa69c4e4b043d0caf27090",
      "typeID": "55dd5e2360b258078b9e4458",
      "optionD": "16",
      "optionC": "20",
      "optionAnswer": "B",
      "answer": " ",
      "optionB": "24",
      "type": "1",
      "optionA": "12",
      "knowledge": "C/C++",
      "question": "\u572864\u4f4d\u64cd\u4f5c\u7cfb\u7edf\u4e0a\uff0c\u5982\u4e0b\u6570\u636e\u7ed3\u6784\u5360\u7528\u7684\u5b58\u50a8\u7a7a\u95f4\u5927\u5c0f\u4e3a\u591a\u5c11\u5b57\u8282",
      "title": "360-2016C++\u7814\u53d1\u5de5\u7a0b\u5e08\u5185\u63a8\u7b14\u8bd5\u9898"
    },
    {
      "ID": "55fa69c4e4b043d0caf27091",
      "typeID": "55dd5e2360b258078b9e4458",
      "optionD": "C++\u4e0d\u662f\u7c7b\u578b\u5b89\u5168\u7684\u8bed\u8a00",
      "optionC": "\u9759\u6001\u5c40\u90e8\u53d8\u91cf\u5185\u5b58\u662f\u5728\u8fd0\u884c\u671f\u5206\u914d\u7684\uff0c\u5b58\u50a8\u5728\u5806\u6808\u533a",
      "optionAnswer": "D",
      "answer": " ",
      "optionB": "\u5c40\u90e8\u53d8\u91cf\u548c\u5168\u5c40\u53d8\u91cf\u4e0d\u80fd\u91cd\u540d",
      "type": "1",
      "optionA": "inline\u51fd\u6570\u8868\u793a\u7f16\u8bd1\u5668\u4e00\u5b9a\u4f1a\u5c06\u51fd\u6570\u4f53\u76f4\u63a5\u63d2\u5165\u5230\u8c03\u7528\u6b64\u51fd\u6570\u7684\u5730\u65b9\uff0c\u8fd9\u6837\u53ef\u4ee5\u52a0\u5feb\u7a0b\u5e8f\u7684\u8fd0\u884c\u901f\u5ea6",
      "knowledge": "C/C++",
      "question": "\u5728C++\u8bed\u8a00\u4e2d\uff0c\u4e0b\u5217\u8bf4\u6cd5\u6b63\u786e\u7684\u662f\uff1a",
      "title": "360-2016C++\u7814\u53d1\u5de5\u7a0b\u5e08\u5185\u63a8\u7b14\u8bd5\u9898"
    },
    {
      "ID": "55fa69c4e4b043d0caf27092",
      "typeID": "55dd5e2360b258078b9e4458",
      "optionD": "\u5176\u4ed6\u9009\u9879\u90fd\u4e0d\u5bf9",
      "optionC": "\u7ed3\u679c\u6b63\u786e\uff0c\u4e0d\u4f1a\u6ea2\u51fa",
      "optionAnswer": "B",
      "answer": " ",
      "optionB": "\u7ed3\u679c\u6b63\u786e\uff0c\u5373\u4f7f\u4f1a\u6ea2\u51fa",
      "type": "1",
      "optionA": "\u7ed3\u679c\u4e0d\u6b63\u786e\uff0c\u56e0\u4e3a\u4f1a\u6ea2\u51fa\uff0c\u7528\u4f4d\u4e0e\u7684\u65b9\u5f0f\u5c31\u6ca1\u95ee\u9898",
      "knowledge": "C/C++",
      "question": "void swap_int(int *a,int *b){?*a=*a+*b;?*b=*a-*b;??*a=*a-*b;}",
      "title": "360-2016C++\u7814\u53d1\u5de5\u7a0b\u5e08\u5185\u63a8\u7b14\u8bd5\u9898"
    },
    {
      "ID": "55fa69c4e4b043d0caf27093",
      "typeID": "55dd5e2360b258078b9e4458",
      "optionD": "7",
      "optionC": "6",
      "optionAnswer": "B",
      "answer": " ",
      "optionB": "5",
      "type": "1",
      "optionA": "4",
      "knowledge": "C/C++",
      "question": "\u4ee5\u4e0b\u7a0b\u5e8f\u7684\u8fd0\u884c\u7ed3\u679c\u662f\uff1a\nint main(void)\n{\n    int m=5;\n    if(m++>5) cout<<m<<endl;\n    else cout<<--m;\n}",
      "title": "360-2016C++\u7814\u53d1\u5de5\u7a0b\u5e08\u5185\u63a8\u7b14\u8bd5\u9898"
    },
    {
      "ID": "55fa69c4e4b043d0caf27094",
      "typeID": "55dd5e2360b258078b9e4458",
      "optionD": "a\u548cb\u4e2d\u90fd\u5b58\u653e\u5b57\u7b26\u4e32",
      "optionC": "a\u4e0eb\u6570\u7ec4\u5b8c\u5168\u76f8\u540c",
      "optionAnswer": "A",
      "answer": " ",
      "optionB": "a\u4e0eb\u957f\u5ea6\u76f8\u540c",
      "type": "1",
      "optionA": "a\u6570\u7ec4\u6bd4b\u6570\u7ec4\u957f\u5ea6\u957f",
      "knowledge": "C/C++",
      "question": "\u5bf9\u4e24\u4e2a\u5b57\u7b26a\u548cb\u8fdb\u884c\u521d\u59cb\u5316:char a[]=\"ABCDEF\";char b[]={'A','B','C','D','E','F'};\u5219\u4ee5\u4e0b\u53d9\u8ff0\u6b63\u786e\u7684\u662f\uff1a",
      "title": "360-2016C++\u7814\u53d1\u5de5\u7a0b\u5e08\u5185\u63a8\u7b14\u8bd5\u9898"
    },
    {
      "ID": "55fa69c4e4b043d0caf27095",
      "typeID": "55dd5e2360b258078b9e4458",
      "optionD": "0\uff0c0\uff0c1",
      "optionC": "0\uff0c1\uff0c1",
      "optionAnswer": "A",
      "answer": " ",
      "optionB": "1\uff0c1\uff0c0",
      "type": "1",
      "optionA": "1\uff0c0\uff0c0",
      "knowledge": "C/C++",
      "question": "\u5728\u4e00\u4e2a64\u4f4d\u7684\u64cd\u4f5c\u7cfb\u7edf\u4e2d\u5b9a\u4e49\u5982\u4e0b\u7ed3\u6784\u4f53\uff1a\nstruct st_task{\n    uint16_t id;\n    uint32_t value;\n    uint64_t timestamp;\n};\u540c\u65f6\u5b9a\u4e49fool\u51fd\u6570\u5982\u4e0b\uff1a\nvoid fool(){\n    st_task task = {};\n    uint64_t a = 0x00010001;\n    memcpy(&task, &a, sizeof(uint64_t));\n    printf(\"%11u,%11u,%11u\", task.id, task.value, task.timestamp);\n}\u4e0a\u8ff0fool()\u7a0b\u5e8f\u7684\u6267\u884c\u7ed3\u679c\u4e3a\uff08\uff09",
      "title": "360-2016C++\u7814\u53d1\u5de5\u7a0b\u5e08\u5185\u63a8\u7b14\u8bd5\u9898"
    },
    {
      "ID": "55fa69c4e4b043d0caf27096",
      "typeID": "55dd5e2360b258078b9e4458",
      "optionD": "9,4",
      "optionC": "9,9",
      "optionAnswer": "A",
      "answer": " ",
      "optionB": "4,4",
      "type": "1",
      "optionA": "10,4",
      "knowledge": "C/C++",
      "question": "\u5b9a\u4e49char dog[]=\"wang\\0miao\";\u90a3\u4e48sizeof(dog)\u4e0estrlen(dog)\u5206\u522b\u662f\u591a\u5c11\uff1a",
      "title": "360-2016C++\u7814\u53d1\u5de5\u7a0b\u5e08\u5185\u63a8\u7b14\u8bd5\u9898"
    },
    {
      "ID": "55fa69c4e4b043d0caf27097",
      "typeID": "55dd5e2360b258078b9e4458",
      "optionD": "\u5176\u4ed6\u4e09\u9879\u90fd\u4e0d\u5bf9",
      "optionC": "\u4f20\u503c\u540e\u5bf9\u5f62\u53c2\u7684\u4fee\u6539\u4f1a\u6539\u53d8\u5b9e\u53c2\u7684\u503c",
      "optionAnswer": "D",
      "answer": " ",
      "optionB": "\u4f20\u5f15\u7528\u540e\u5b9e\u53c2\u548c\u5f62\u53c2\u662f\u4e0d\u540c\u7684\u5bf9\u8c61",
      "type": "1",
      "optionA": "\u4f20\u5730\u5740\u540e\u5b9e\u53c2\u548c\u5f62\u53c2\u6307\u5411\u4e0d\u540c\u7684\u5bf9\u8c61",
      "knowledge": "C/C++",
      "question": "C++\u4e2d\u4ee5\u4e0b\u5173\u4e8e\u51fd\u6570\u8c03\u7528\u7684\u8bf4\u6cd5\u54ea\u4e2a\u662f\u6b63\u786e\u7684\uff1f",
      "title": "360-2016C++\u7814\u53d1\u5de5\u7a0b\u5e08\u5185\u63a8\u7b14\u8bd5\u9898"
    },
    {
      "ID": "55fa69c4e4b043d0caf27098",
      "typeID": "55dd5e2360b258078b9e4458",
      "optionD": "32\u4f4d\u4e0b\uff1a4,4,2^32 64\u4f4d\u4e0b\uff1a4,4,2^64",
      "optionC": "32\u4f4d\u4e0b\uff1a4,4,2^32 64\u4f4d\u4e0b\uff1a4,8,2^64",
      "optionAnswer": "C",
      "answer": " ",
      "optionB": "32\u4f4d\u4e0b\uff1a4,4,\u4e0d\u9650\u5236 64\u4f4d\u4e0b\uff1a4,8,\u4e0d\u9650\u5236",
      "type": "1",
      "optionA": "32\u4f4d\u4e0b\uff1a4,4,2^32 64\u4f4d\u4e0b\uff1a8,8,2^64",
      "knowledge": "C/C++",
      "question": "\u4ee5\u4e0b\u7cfb\u7edf\u4e2d\uff0cint\u7c7b\u578b\u5360\u51e0\u4e2a\u5b57\u8282\uff0c\u6307\u9488\u5360\u51e0\u4e2a\u5b57\u8282\uff0c\u64cd\u4f5c\u7cfb\u7edf\u53ef\u4ee5\u4f7f\u7528\u7684\u6700\u5927\u5185\u5b58\u7a7a\u95f4\u662f\u591a\u5927\uff1a",
      "title": "360-2016C++\u7814\u53d1\u5de5\u7a0b\u5e08\u5185\u63a8\u7b14\u8bd5\u9898"
    },
    {
      "ID": "55fa69c4e4b043d0caf27099",
      "typeID": "55dd5e2360b258078b9e4458",
      "optionD": "\u5806\u548c\u6808\u90fd\u53ef\u4ee5\u52a8\u6001\u5206\u914d",
      "optionC": "\u5806\u548c\u6808\u90fd\u53ef\u4ee5\u9759\u6001\u5206\u914d",
      "optionAnswer": "C",
      "answer": " ",
      "optionB": "\u5728\u5806\u4e0a\u9891\u7e41\u7684\u8c03\u7528new/delete\u5bb9\u6613\u4ea7\u751f\u5185\u5b58\u788e\u7247\uff0c\u6808\u6ca1\u6709\u8fd9\u4e2a\u95ee\u9898",
      "type": "1",
      "optionA": "\u5806\u7684\u5927\u5c0f\u4ec5\u53d7\u64cd\u4f5c\u7cfb\u7edf\u7684\u9650\u5236\uff0c\u6808\u7684\u5927\u5c0f\u4e00\u822c\u4e00\u822c\u8f83\u5c0f",
      "knowledge": "C/C++",
      "question": "C++\u4e2d\u5173\u4e8e\u5806\u548c\u6808\u7684\u8bf4\u6cd5\uff0c\u54ea\u4e2a\u662f\u9519\u8bef\u7684:",
      "title": "360-2016C++\u7814\u53d1\u5de5\u7a0b\u5e08\u5185\u63a8\u7b14\u8bd5\u9898"
    },
    {
      "ID": "55fa69c4e4b043d0caf2709a",
      "typeID": "55dd5e2360b258078b9e4458",
      "optionD": "15",
      "optionC": "32",
      "optionAnswer": "B",
      "answer": " ",
      "optionB": "30",
      "type": "1",
      "optionA": "16",
      "knowledge": "Linux",
      "question": "Linux\u4e0b\u591a\u5c11\u4e2a\"-\"\u5c06\u88ab\u6253\u5370\uff1aint main(void){\n  int i;\n  for(i=0;i<4;i++){\n  fork();\n  printf(\"-\\n\");\n }\n return 0;\n}",
      "title": "360-2016C++\u7814\u53d1\u5de5\u7a0b\u5e08\u5185\u63a8\u7b14\u8bd5\u9898"
    },
    {
      "ID": "55fa69c4e4b043d0caf2709b",
      "typeID": "55dd5e2360b258078b9e4458",
      "optionD": "\u628a\u6c47\u7f16\u8bed\u8a00\u7ffb\u8bd1\u6210\u673a\u5668\u8bed\u8a00",
      "optionC": "\u628a\u4e2d\u95f4\u4ee3\u7801\u53d8\u6362\u6210\u4f9d\u8d56\u5177\u4f53\u673a\u5668\u7684\u76ee\u6807\u4ee3\u7801",
      "optionAnswer": "C",
      "answer": " ",
      "optionB": "\u628a\u9ad8\u7ea7\u8bed\u8a00\u7ffb\u8bd1\u6210\u6c47\u7f16\u8bed\u8a00",
      "type": "1",
      "optionA": "\u628a\u9ad8\u7ea7\u8bed\u8a00\u7ffb\u8bd1\u6210\u673a\u5668\u8bed\u8a00",
      "knowledge": "C/C++",
      "question": "\u4ee3\u7801\u751f\u6210\u9636\u6bb5\u7684\u4e3b\u8981\u4efb\u52a1\u662f\uff1a",
      "title": "360-2016C++\u7814\u53d1\u5de5\u7a0b\u5e08\u5185\u63a8\u7b14\u8bd5\u9898"
    },
    {
      "ID": "55fa69c4e4b043d0caf2709c",
      "typeID": "55dd5e2360b258078b9e4458",
      "optionD": "\u5176\u4ed6\u4e09\u9879\u90fd\u9519",
      "optionC": "Is Page Fault??",
      "optionAnswer": "A",
      "answer": " ",
      "optionB": "No Page Fault??",
      "type": "1",
      "optionA": "No",
      "knowledge": "C/C++",
      "question": "\u4e0b\u9762\u4ee3\u7801\u7684\u6267\u884c\u7ed3\u679c\u662f\u4ec0\u4e48\uff1achar ccString1[]=\"Is Page Fault??\";char ccString2[]=\"No Page Fault??\";strcpy(ccString1,\"No\");if(strcmp(ccString1,ccString2)==0)   cout<<ccString2;else   cout<<ccString1;",
      "title": "360-2016C++\u7814\u53d1\u5de5\u7a0b\u5e08\u5185\u63a8\u7b14\u8bd5\u9898"
    },
    {
      "ID": "55fa69c4e4b043d0caf2709d",
      "typeID": "55dd5e2360b258078b9e4458",
      "optionD": "7",
      "optionC": "5",
      "optionAnswer": "D",
      "answer": " ",
      "optionB": "3",
      "type": "1",
      "optionA": "1",
      "knowledge": "C/C++",
      "question": "\u4ee5\u4e0b\u4ee3\u7801\u5171\u8c03\u7528\u591a\u5c11\u6b21\u62f7\u8d1d\u6784\u9020\u51fd\u6570\uff1aWidget f(Widget u){ Widget v(u); Widget w=v; return w;}main(){ Widget x; Widget =f(f(x));}",
      "title": "360-2016C++\u7814\u53d1\u5de5\u7a0b\u5e08\u5185\u63a8\u7b14\u8bd5\u9898"
    },
    {
      "ID": "55fa69c4e4b043d0caf2709e",
      "typeID": "55dd5e2360b258078b9e4458",
      "optionD": "3 3 3 4",
      "optionC": "3 2 3 4",
      "optionAnswer": "A",
      "answer": " ",
      "optionB": "1 2 3 4",
      "type": "1",
      "optionA": "1 2 2 3",
      "knowledge": "C/C++",
      "question": "\u4e0b\u9762C\u7a0b\u5e8f\u7684\u8f93\u51fa\u7ed3\u679c:int i=0,a=1,b=2,c=3;i=++a||++b||++c;printf(\"%d %d %d %d\",i,a,b,c);",
      "title": "360-2016C++\u7814\u53d1\u5de5\u7a0b\u5e08\u5185\u63a8\u7b14\u8bd5\u9898"
    }
  ]
}