{
  "success": 1,
  "total": 2100,
  "result": [
    {
      "ID": "55fa696de4b043d0caf26f2a",
      "typeID": "55dd5e2360b258078b9e4458",
      "optionD": "524288",
      "optionC": "531441",
      "optionAnswer": "C",
      "answer": " ",
      "optionB": "262144",
      "type": "1",
      "optionA": "99999",
      "knowledge": "\u667a\u529b\u9898",
      "question": "0~999999\u4e4b\u95f4\u7684\u6240\u6709\u6570\u5b57\u4e2d\uff0c\u4efb\u4f55\u4e00\u4f4d\u90fd\u4e0d\u5305\u62ec\u6570\u5b571\u7684\u6570\u5b57\u603b\u6570\u4e3a\u591a\u5c11",
      "title": "Alibaba-2015\u57fa\u7840\u5e73\u53f0\u7814\u53d1\u5de5\u7a0b\u5e08\u5b9e\u4e60\u751f\u7b14\u8bd5\u5377"
    },
    {
      "ID": "55fa696de4b043d0caf26f2b",
      "typeID": "55dd5e2360b258078b9e4458",
      "optionD": "std::bitset\u4e0d\u662f\u4e00\u4e2aSTL\u5bb9\u5668",
      "optionC": "std::sort\u662f\u7a33\u5b9a\u6392\u5e8f",
      "optionAnswer": "C",
      "answer": " ",
      "optionB": "\u5f53\u5bb9\u91cf\u4e0d\u591f\u65f6\uff0cvector\u5185\u90e8\u5185\u5b58\u6269\u5c55\u65b9\u5f0f\u662f\u7ffb\u500d",
      "type": "1",
      "optionA": "STL\u5bb9\u5668\u662f\u7ebf\u7a0b\u4e0d\u5b89\u5168\u7684",
      "knowledge": "C/C++",
      "question": "\u4ee5\u4e0b\u5173\u4e8eSTL\u7684\u63cf\u8ff0\u4e2d\uff0c____\u662f\u9519\u7684\u3002",
      "title": "Alibaba-2015\u57fa\u7840\u5e73\u53f0\u7814\u53d1\u5de5\u7a0b\u5e08\u5b9e\u4e60\u751f\u7b14\u8bd5\u5377"
    },
    {
      "ID": "55fa696de4b043d0caf26f2c",
      "typeID": "55dd5e2360b258078b9e4458",
      "optionD": "DNS -> ARP -> HTTP",
      "optionC": "DNS -> HTTP -> ARP",
      "optionAnswer": "A",
      "answer": " ",
      "optionB": "ARP -> HTTP -> DNS",
      "type": "1",
      "optionA": "ARP -> DNS -> HTTP",
      "knowledge": "\u7f51\u7edc\u57fa\u7840",
      "question": "\u4e00\u53f0\u521a\u521a\u63a5\u5165\u4e92\u8054\u7f51\u7684WEB\u670d\u52a1\u5668\u7b2c\u4e00\u6b21\u88ab\u8bbf\u95ee\u5230\u65f6\uff0c\u4e0d\u540c\u534f\u8bae\u7684\u53d1\u751f\u987a\u5e8f\u662f\u4e0b\u9762\u4e2d\u7684____\u3002",
      "title": "Alibaba-2015\u57fa\u7840\u5e73\u53f0\u7814\u53d1\u5de5\u7a0b\u5e08\u5b9e\u4e60\u751f\u7b14\u8bd5\u5377"
    },
    {
      "ID": "55fa696de4b043d0caf26f2d",
      "typeID": "55dd5e2360b258078b9e4458",
      "optionD": "(3.5n+3)/ 2^n",
      "optionC": "(2.5n+3)/ 2^n",
      "optionAnswer": "D",
      "answer": " ",
      "optionB": "-0.75n + 4",
      "type": "1",
      "optionA": "2^n/4 + 4",
      "knowledge": "\u667a\u529b\u9898",
      "question": "\u8bbe\u5b9a\u6570\u5217{an}\u7684\u524dn\u9879\u548c\u4e3aSn\uff0c\u73b0\u5728\u5df2\u77e5\u6b64\u6570\u5217\u6ee1\u8db3an+Sn=10-7/2^n\uff0c\u90a3\u4e48an\u7684\u901a\u9879\u516c\u5f0f\u662f____\u3002",
      "title": "Alibaba-2015\u57fa\u7840\u5e73\u53f0\u7814\u53d1\u5de5\u7a0b\u5e08\u5b9e\u4e60\u751f\u7b14\u8bd5\u5377"
    },
    {
      "ID": "55fa696de4b043d0caf26f2e",
      "typeID": "55dd5e2360b258078b9e4458",
      "optionD": "a = 10, *p = 20",
      "optionC": "a = 20, *p = 20",
      "optionAnswer": "D",
      "answer": " ",
      "optionB": "a = 10, *p = 10",
      "type": "1",
      "optionA": "\u7f16\u8bd1\u9636\u6bb5\u62a5\u9519\u8fd0\u884c\u9636\u6bb5\u62a5\u9519",
      "knowledge": "C/C++",
      "question": "\u4ee5\u4e0b\u7a0b\u5e8f\u8f93\u51fa\u662f____\u3002\n#include <iostream> \nusing namespace std; \nint main(void) \n{     \n    const int a = 10;     \n    int * p = (int *)(&a);     \n    *p = 20;     \n    cout<<\"a = \"<<a<<\", *p = \"<<*p<<endl;     \n    return 0; \n} ",
      "title": "Alibaba-2015\u57fa\u7840\u5e73\u53f0\u7814\u53d1\u5de5\u7a0b\u5e08\u5b9e\u4e60\u751f\u7b14\u8bd5\u5377"
    },
    {
      "ID": "55fa696de4b043d0caf26f2f",
      "typeID": "55dd5e2360b258078b9e4458",
      "optionD": "t=2 y=3",
      "optionC": "t=2 y=2",
      "optionAnswer": "A",
      "answer": " ",
      "optionB": "t=1 y=3",
      "type": "1",
      "optionA": "t=1 y=2",
      "knowledge": "C/C++",
      "question": "\u8bbex\u3001y\u3001t\u5747\u4e3aint\u578b\u53d8\u91cf\uff0c\u5219\u6267\u884c\u8bed\u53e5\uff1at=3; x=y=2; t=x++||++y; \u540e\uff0c\u53d8\u91cft\u548cy\u7684\u503c\u5206\u522b\u4e3a____\u3002",
      "title": "Alibaba-2015\u57fa\u7840\u5e73\u53f0\u7814\u53d1\u5de5\u7a0b\u5e08\u5b9e\u4e60\u751f\u7b14\u8bd5\u5377"
    },
    {
      "ID": "55fa696de4b043d0caf26f30",
      "typeID": "55dd5e2360b258078b9e4458",
      "optionD": "O(N^3)",
      "optionC": "O(N)",
      "optionAnswer": "C",
      "answer": " ",
      "optionB": "O(log N)",
      "type": "1",
      "optionA": "O(N^2)",
      "knowledge": "\u590d\u6742\u5ea6",
      "question": "\u7ed9\u5b9a\u4e00\u4e2a\u6574\u6570sum\uff0c\u4ece\u6709N\u4e2a\u6709\u5e8f\u5143\u7d20\u7684\u6570\u7ec4\u4e2d\u5bfb\u627e\u5143\u7d20a\u3001b\uff0c\u4f7f\u5f97 a+b \u7684\u7ed3\u679c\u6700\u63a5\u8fd1sum\uff0c\u6700\u5feb\u7684\u5e73\u5747\u65f6\u95f4\u590d\u6742\u5ea6\u662f____\u3002",
      "title": "Alibaba-2015\u57fa\u7840\u5e73\u53f0\u7814\u53d1\u5de5\u7a0b\u5e08\u5b9e\u4e60\u751f\u7b14\u8bd5\u5377"
    },
    {
      "ID": "55fa696de4b043d0caf26f31",
      "typeID": "55dd5e2360b258078b9e4458",
      "optionD": "503",
      "optionC": "504",
      "optionAnswer": "C",
      "answer": " ",
      "optionB": "512",
      "type": "1",
      "optionA": "513",
      "knowledge": "\u6811",
      "question": "\u4e00\u4e2a\u5177\u6709513\u4e2a\u8282\u70b9\u7684\u4e8c\u53c9\u6811\uff0c\u6709___\u79cd\u53ef\u80fd\u7684\u5c42\u9ad8\u3002",
      "title": "Alibaba-2015\u57fa\u7840\u5e73\u53f0\u7814\u53d1\u5de5\u7a0b\u5e08\u5b9e\u4e60\u751f\u7b14\u8bd5\u5377"
    },
    {
      "ID": "55fa696de4b043d0caf26f32",
      "typeID": "55dd5e2360b258078b9e4458",
      "optionD": "5",
      "optionC": "4",
      "optionAnswer": "B",
      "answer": " ",
      "optionB": "3",
      "type": "1",
      "optionA": "2",
      "knowledge": "\u667a\u529b\u9898",
      "question": "A\uff0cB\uff0cC\u4e09\u4f4d\u540c\u5b66\u90fd\u662f\u5f88\u806a\u660e\u7684\u540c\u5b66\uff0c\u9762\u8bd5\u5b98\u7ed9\u4ed6\u4eec\u80cc\u4e0a\u4f9d\u6b21\u8d34\u4e0a\u4e86\u6570\u5b572\uff0c4\uff0c8\uff0c\u4ed6\u4eec\u90fd\u80fd\u770b\u89c1\u522b\u4eba\u7684\u6570\u5b57\u4f46\u65e0\u6cd5\u770b\u89c1\u81ea\u5df1\u7684\u6570\u5b57\uff0c\u73b0\u5728\u9762\u8bd5\u5b98\u544a\u8bc9\u4ed6\u4eec\u8fd9\u4e9b\u6570\u5b57\u90fd\u662f\u81ea\u7136\u6570\u5e76\u4e14\u6784\u6210\u4e00\u4e2a\u7b49\u6bd4\u6570\u5217\uff0c\u8ba9A\u3001B\u3001C\u540c\u5b66\u4f9d\u6b21\u5faa\u73af\u56de\u7b54\u662f\u5426\u786e\u5b9a\u81ea\u5df1\u7684\u6570\u5b57\u662f\u591a\u5c11\uff0c\u6bcf\u4f4d\u540c\u5b66\u7684\u56de\u7b54\u7b97\u4f5c\u4e00\u6b21\uff0c\u7ecf\u8fc7____\u6b21\u6709\u540c\u5b66\u80fd\u51c6\u786e\u8bf4\u51fa\u81ea\u5df1\u7684\u6570\u5b57\u3002",
      "title": "Alibaba-2015\u57fa\u7840\u5e73\u53f0\u7814\u53d1\u5de5\u7a0b\u5e08\u5b9e\u4e60\u751f\u7b14\u8bd5\u5377"
    },
    {
      "ID": "55fa696de4b043d0caf26f33",
      "typeID": "55dd5e2360b258078b9e4458",
      "optionD": "14",
      "optionC": "12",
      "optionAnswer": "D",
      "answer": " ",
      "optionB": "10",
      "type": "1",
      "optionA": "8",
      "knowledge": "\u667a\u529b\u9898",
      "question": "\u7528\u5341\u8fdb\u5236\u8ba1\u7b9730!\uff0830\u7684\u9636\u4e58\uff09\uff0c\u5c06\u7ed3\u679c\u8f6c\u6362\u62103\u8fdb\u5236\u8fdb\u884c\u8868\u793a\u7684\u8bdd\uff0c\u8be5\u8fdb\u5236\u4e0b\u7684\u7ed3\u679c\u672b\u5c3e\u4f1a\u6709____\u4e2a0\u3002",
      "title": "Alibaba-2015\u57fa\u7840\u5e73\u53f0\u7814\u53d1\u5de5\u7a0b\u5e08\u5b9e\u4e60\u751f\u7b14\u8bd5\u5377"
    },
    {
      "ID": "55fa696de4b043d0caf26f34",
      "typeID": "55dd5e2360b258078b9e4458",
      "optionD": "2,3,10,4,8,5",
      "optionC": "1,2,9,3,8,7,4,6,5",
      "optionAnswer": "B",
      "answer": " ",
      "optionB": "2,8,6,3,7,4,5",
      "type": "1",
      "optionA": "10,9,8,7,6,5",
      "knowledge": "\u6811",
      "question": "\u5047\u8bbe\u67d0\u68f5\u4e8c\u53c9\u67e5\u627e\u6811\u7684\u6240\u6709\u952e\u5747\u4e3a1\u523010\u7684\u6574\u6570\uff0c\u73b0\u5728\u6211\u4eec\u8981\u67e5\u627e5\u3002\u4e0b\u9762____\u4e0d\u53ef\u80fd\u662f\u952e\u7684\u68c0\u67e5\u5e8f\u5217\u3002",
      "title": "Alibaba-2015\u57fa\u7840\u5e73\u53f0\u7814\u53d1\u5de5\u7a0b\u5e08\u5b9e\u4e60\u751f\u7b14\u8bd5\u5377"
    },
    {
      "ID": "55fa696de4b043d0caf26f35",
      "typeID": "55dd5e2360b258078b9e4458",
      "optionD": "1-3-5-6-4-2-8-7",
      "optionC": "1-3-5-2-4-6-7-8",
      "optionAnswer": "A",
      "answer": " ",
      "optionB": "7-2-1-4-3-6-5-8",
      "type": "1",
      "optionA": "1-2-3-4-5-6-7-8",
      "knowledge": "\u6811",
      "question": "\u5c06\u6574\u6570\u5e8f\u5217\uff087-2-4-6-3-1-5\uff09\u6309\u6240\u793a\u987a\u5e8f\u6784\u5efa\u4e00\u68f5\u4e8c\u53c9\u6392\u5e8f\u6811a\uff08\u4ea6\u79f0\u4e8c\u53c9\u641c\u7d22\u6811\uff09\uff0c\u4e4b\u540e\u5c06\u6574\u65708\u6309\u7167\u4e8c\u53c9\u6392\u5e8f\u6811\u89c4\u5219\u63d2\u5165\u6811a\u4e2d\uff0c\u8bf7\u95ee\u63d2\u5165\u4e4b\u540e\u7684\u6811a\u4e2d\u5e8f\u904d\u5386\u7ed3\u679c\u662f____\u3002",
      "title": "Alibaba-2015\u57fa\u7840\u5e73\u53f0\u7814\u53d1\u5de5\u7a0b\u5e08\u5b9e\u4e60\u751f\u7b14\u8bd5\u5377"
    },
    {
      "ID": "55fa696de4b043d0caf26f36",
      "typeID": "55dd5e2360b258078b9e4458",
      "optionD": " 5/16",
      "optionC": " 9/16",
      "optionAnswer": "A",
      "answer": " ",
      "optionB": " 7/16",
      "type": "1",
      "optionA": "19/32",
      "knowledge": "\u667a\u529b\u9898",
      "question": "\u4f5c\u4e3a\u7279\u4f7f\uff0c\u4f60\u9700\u8981\u7ec4\u7ec7A/B\u4e24\u56fd\u5143\u9996\u76f8\u7ea6\u5728\u676d\u5dde\u8427\u5c71\u673a\u573a\u4ea4\u6362\u4e00\u4efd\u91cd\u8981\u6587\u4ef6\uff08\u5047\u8bbe\u4ea4\u6362\u6587\u4ef6\u4e0d\u9700\u8981\u65f6\u95f4\uff09\u3002\u7ea6\u5b9a\u4e24\u56fd\u98de\u673a\u5728\u665a\u4e0a\u768420\u70b9\u81f324\u70b9\u8fd94\u4e2a\u5c0f\u65f6\u4f1a\u9762\uff0cA\u56fd\u7684\u98de\u673a\u5982\u679c\u5230\u4e86\uff0c\u4f1a\u7b49\u5f851\u4e2a\u5c0f\u65f6\uff0cB\u56fd\u7684\u98de\u673a\u5982\u679c\u5230\u4e86\uff0c\u4f1a\u7b49\u5f852\u4e2a\u5c0f\u65f6\uff0c\u5982\u679c\u5047\u8bbe\u4e24\u67b6\u98de\u673a\u5728\u8fd9\u6bb5\u65f6\u95f4\u5185\u964d\u843d\u673a\u573a\u7684\u6982\u7387\u662f\u5747\u5300\u5206\u5e03\u7684\uff0c\u90a3\u4e48\u80fd\u987a\u5229\u5b8c\u6210\u4ea4\u6362\u7684\u6982\u7387\u662f____\u3002",
      "title": "Alibaba-2015\u57fa\u7840\u5e73\u53f0\u7814\u53d1\u5de5\u7a0b\u5e08\u5b9e\u4e60\u751f\u7b14\u8bd5\u5377"
    },
    {
      "ID": "55fa696de4b043d0caf26f37",
      "typeID": "55dd5e2360b258078b9e4458",
      "optionD": "800m",
      "optionC": "1050m",
      "optionAnswer": "A",
      "answer": " ",
      "optionB": "1100m",
      "type": "1",
      "optionA": "900m",
      "knowledge": "\u667a\u529b\u9898",
      "question": "\u5c0f\u8d75\u548c\u5c0f\u94b1\u4e8c\u4eba\u5206\u522b\u4ece\u5bdd\u5ba4\u548c\u56fe\u4e66\u9986\u540c\u65f6\u51fa\u53d1\uff0c\u76f8\u5411\u800c\u884c\u3002\u8fc7\u4e86\u4e00\u6bb5\u65f6\u95f4\u540e\u4e8c\u4eba\u5728\u4e2d\u9014\u76f8\u9047\uff0c\u5c0f\u8d75\u7ee7\u7eed\u5411\u56fe\u4e66\u9986\u524d\u8fdb\uff0c\u6b64\u65f6\uff1a\u82e5\u5c0f\u94b1\u7ee7\u7eed\u5411\u5bdd\u5ba4\u524d\u8fdb\uff0c\u5219\u5f53\u5c0f\u8d75\u5230\u8fbe\u56fe\u4e66\u9986\u65f6\uff0c\u5c0f\u94b1\u79bb\u5bdd\u5ba4\u8fd8\u6709600\u7c73\uff1b\u82e5\u5c0f\u94b1\u7acb\u5373\u6298\u8fd4\u5411\u56fe\u4e66\u9986\u524d\u8fdb\uff0c\u5219\u5f53\u5c0f\u8d75\u5230\u8fbe\u56fe\u4e66\u9986\u662f\uff0c\u5c0f\u94b1\u79bb\u56fe\u4e66\u9986\u8fd8\u6709150\u7c73\u3002\u90a3\u4e48\u56fe\u4e66\u9986\u4e0e\u5bdd\u5ba4\u95f4\u7684\u8ddd\u79bb\u662f____\u3002",
      "title": "Alibaba-2015\u57fa\u7840\u5e73\u53f0\u7814\u53d1\u5de5\u7a0b\u5e08\u5b9e\u4e60\u751f\u7b14\u8bd5\u5377"
    },
    {
      "ID": "55fa696de4b043d0caf26f38",
      "typeID": "55dd5e2360b258078b9e4458",
      "optionD": "\u4ee5\u4e0a\u9009\u9879\u5747\u4e0d\u6b63\u786e",
      "optionC": "\u521d\u59cb\u5316\u65b9\u5f0f char a[14] = \"Hello, world!\"; \u548c\u521d\u59cb\u5316\u65b9\u5f0f char a[14]; a = \"Hello, world!\"; \u7684\u6548\u679c\u76f8\u540c",
      "optionAnswer": "D",
      "answer": " ",
      "optionB": "\u5bf9\u4e8e\u67d0\u4e2adouble\u53d8\u91cf a\uff0c\u53ef\u4ee5\u4f7f\u7528 a == 0.0 \u6765\u5224\u65ad\u5176\u662f\u5426\u4e3a\u96f6",
      "type": "1",
      "optionA": "\u5bf9\u4e8e struct X { short s; int i; char c; }\uff0csizeof(X) \u7684\u503c\u7b49\u4e8e sizeof(s) + sizeof(i) + sizeof(c)",
      "knowledge": "C/C++",
      "question": "\u5bf9\u4e8e\u4e0b\u9762\u7684\u8bf4\u6cd5\uff0c\u6b63\u786e\u7684\u662f____\u3002",
      "title": "Alibaba-2015\u57fa\u7840\u5e73\u53f0\u7814\u53d1\u5de5\u7a0b\u5e08\u5b9e\u4e60\u751f\u7b14\u8bd5\u5377"
    },
    {
      "ID": "55fa696de4b043d0caf26f39",
      "typeID": "55dd5e2360b258078b9e4458",
      "optionD": "2560KB",
      "optionC": "1280KB",
      "optionAnswer": "C",
      "answer": " ",
      "optionB": "640KB",
      "type": "1",
      "optionA": "40KB",
      "knowledge": "C/C++",
      "question": "\u4e00\u5f201024\u00d7640\u5206\u8fa8\u7387\u7684\u56fe\u7247\uff0c\u5047\u5b9a\u6bcf\u4e2a\u50cf\u7d20\u752816\u4f4d\u8272\u5f69\u8868\u793a\uff0c\u7528\u4f4d\u56fe\u6587\u4ef6\uff08bitmap\uff09\u683c\u5f0f\u5b58\u50a8\uff0c\u5219\u8fd9\u5f20\u56fe\u7247\u6587\u4ef6\u9700\u8981\u5360\u7528\u591a\u5927\u7684\u5b58\u50a8\u7a7a\u95f4____\u3002",
      "title": "Alibaba-2015\u57fa\u7840\u5e73\u53f0\u7814\u53d1\u5de5\u7a0b\u5e08\u5b9e\u4e60\u751f\u7b14\u8bd5\u5377"
    },
    {
      "ID": "55fa696de4b043d0caf26f3a",
      "typeID": "55dd5e2360b258078b9e4458",
      "optionD": "8,80",
      "optionC": "10,10",
      "optionAnswer": "B",
      "answer": " ",
      "optionB": "80,8",
      "type": "1",
      "optionA": "4,40",
      "knowledge": "C/C++",
      "question": "\u572864\u4f4d\u7cfb\u7edf\u4e0b\uff0c\u5206\u522b\u5b9a\u4e49\u5982\u4e0b\u4e24\u4e2a\u53d8\u91cf\uff1achar *p[10]; char(*p1)[10];\u8bf7\u95ee\uff0csizeof(p)\u548csizeof (p1)\u5206\u522b\u503c\u4e3a____\u3002",
      "title": "Alibaba-2015\u57fa\u7840\u5e73\u53f0\u7814\u53d1\u5de5\u7a0b\u5e08\u5b9e\u4e60\u751f\u7b14\u8bd5\u5377"
    },
    {
      "ID": "55fa696de4b043d0caf26f3b",
      "typeID": "55dd5e2360b258078b9e4458",
      "optionD": "4",
      "optionC": "3",
      "optionAnswer": "C",
      "answer": " ",
      "optionB": "2",
      "type": "1",
      "optionA": "1",
      "knowledge": "\u667a\u529b\u9898",
      "question": "\u67d0\u7a0b\u5e8f\u5458\u5f00\u53d1\u51fa\u4e86\u4e00\u6b3e\u8d85\u7ea7\u667a\u80fd\u673a\u5668\u4eba\uff0c\u80fd\u5bf9\u4efb\u4f55\u63d0\u95ee\u7ed9\u51fa\u201c\u662f\u201d\u6216\u8005\u201c\u4e0d\u662f\u201d\u7684\u7b54\u6848\u3002\u73b0\u67093\u4e2a\u8fd9\u79cd\u673a\u5668\u4eba\uff0c\u5176\u4e2d\u6709\u6570\u91cf\u4e0d\u5b9a\u7684(0\u52303\u4e2a)\u673a\u5668\u4eba\u53d1\u751f\u4e86\u6545\u969c\u3002\u5982\u679c\u6b63\u5e38\u673a\u5668\u4eba\u603b\u662f\u7ed9\u51fa\u6b63\u786e\u7684\u7b54\u6848\uff0c\u800c\u6545\u969c\u673a\u5668\u4eba\u603b\u662f\u7ed9\u51fa\u9519\u8bef\u7684\u7b54\u6848\u3002\u6bcf\u4e00\u56de\u5408\u53ea\u80fd\u95ee\u4efb\u610f\u4e00\u4e2a\u673a\u5668\u4eba\u4efb\u610f\u4e00\u4e2a\u95ee\u9898\uff0c\u90a3\u4e48\u81f3\u5c11\u9700\u8981____\u56de\u5408\u624d\u80fd\u786e\u4fdd\u533a\u5206\u51fa\u54ea\u4e9b\u673a\u5668\u4eba\u662f\u6b63\u5e38\uff0c\u54ea\u4e9b\u662f\u6545\u969c\u3002",
      "title": "Alibaba-2015\u57fa\u7840\u5e73\u53f0\u7814\u53d1\u5de5\u7a0b\u5e08\u5b9e\u4e60\u751f\u7b14\u8bd5\u5377"
    },
    {
      "ID": "55fa696de4b043d0caf26f3c",
      "typeID": "55dd5e2360b258078b9e4458",
      "optionD": "(1)\u4e0d\u53ef\u80fd\uff0c(2)\u548c(3)\u53ef\u80fd",
      "optionC": "(2)\u53ef\u80fd\uff0c(1)\u548c(3)\u4e0d\u53ef\u80fd",
      "optionAnswer": "D",
      "answer": " ",
      "optionB": "(2)\u53ef\u80fd\uff0c(1)\u548c(3)\u4e0d\u53ef\u80fd",
      "type": "1",
      "optionA": "(1)\u53ef\u80fd\uff0c(2)\u548c(3)\u4e0d\u53ef\u80fd",
      "knowledge": "\u6570\u636e\u5e93",
      "question": "\u5982\u4e0bSQL\u8bed\u53e5\u4e2d\uff0c____\u53ef\u80fd\u8fd4\u56denull\u503c\u3002(1) select count(*) from t1;(2) select max(col1) from t1;(3) select concat('max=',max(col1)) from t1;",
      "title": "Alibaba-2015\u57fa\u7840\u5e73\u53f0\u7814\u53d1\u5de5\u7a0b\u5e08\u5b9e\u4e60\u751f\u7b14\u8bd5\u5377"
    },
    {
      "ID": "55fa696de4b043d0caf26f3d",
      "typeID": "55dd5e2360b258078b9e4458",
      "optionD": "Dijkstra\u7b97\u6cd5",
      "optionC": "\u5192\u6ce1\u6392\u5e8f\u7b97\u6cd5",
      "optionAnswer": "D",
      "answer": " ",
      "optionB": "\u5e0c\u5c14\u6392\u5e8f\u7b97\u6cd5",
      "type": "1",
      "optionA": "KMP\u7b97\u6cd5",
      "knowledge": "\u7b97\u6cd5",
      "question": "\u4ee5\u4e0b\u4f7f\u7528\u4e86\u8d2a\u5fc3\u7b97\u6cd5\u7684\u662f____\u3002",
      "title": "Alibaba-2015\u57fa\u7840\u5e73\u53f0\u7814\u53d1\u5de5\u7a0b\u5e08\u5b9e\u4e60\u751f\u7b14\u8bd5\u5377"
    }
  ]
}