{
  "success": 1,
  "total": 2100,
  "result": [
    {
      "ID": "55fa696ce4b043d0caf26ee9",
      "typeID": "55dd5e2360b258078b9e4458",
      "optionD": "4^5*4!*16!/20!",
      "optionC": "5^4*4!*16!/20!",
      "optionAnswer": "C",
      "answer": " ",
      "optionB": "4^5*5!*15!/20!",
      "type": "1",
      "optionA": "5^4*5!*15!/20!",
      "knowledge": "\u6982\u7387\u7edf\u8ba1/\u6570\u7406\u7edf\u8ba1",
      "question": "20\u4e2a\u963f\u91cc\u5df4\u5df4B2B\u6280\u672f\u90e8\u7684\u5458\u5de5\u88ab\u5b89\u6392\u4e3a4\u6392\uff0c\u6bcf\u63925\u4e2a\u4eba\uff0c\u6211\u4eec\u4efb\u610f\u9009\u5176\u4e2d4\u4eba\u9001\u7ed9\u4ed6\u4eec\u4e00\u4eba\u4e00\u672c\u300aeffective c++\u300b\uff0c\u90a3\u4e48\u6211\u4eec\u9009\u51fa\u76844\u4eba\u90fd\u5728\u4e0d\u540c\u6392\u7684\u6982\u7387\u4e3a",
      "title": "Alibaba-2010\u641c\u7d22\u7814\u53d1C++\u5de5\u7a0b\u5e08\u7b14\u8bd5\u5377"
    },
    {
      "ID": "55fa696ce4b043d0caf26eea",
      "typeID": "55dd5e2360b258078b9e4458",
      "optionD": "g,d,b",
      "optionC": "g,c,b",
      "optionAnswer": "A",
      "answer": " ",
      "optionB": "f,d,b",
      "type": "1",
      "optionA": "f,c,b",
      "knowledge": "\u67e5\u627e",
      "question": "\u82e5\u6709\u5e8f\u8868\u7684\u5173\u952e\u5b57\u5e8f\u5217\u4e3a\uff08b,c,d,e,f,g,q,r,s,t\uff09\uff0c\u5219\u5728\u4e8c\u5206\u67e5\u627e\u5173\u952e\u5b57b\u7684\u8fc7\u7a0b\u4e2d\uff0c\u5148\u540e\u8fdb\u884c\u7684\u5173\u952e\u5b57\u4f9d\u6b21\u4e3a\uff1a",
      "title": "Alibaba-2010\u641c\u7d22\u7814\u53d1C++\u5de5\u7a0b\u5e08\u7b14\u8bd5\u5377"
    },
    {
      "ID": "55fa696ce4b043d0caf26eeb",
      "typeID": "55dd5e2360b258078b9e4458",
      "optionD": "mode\u53ef\u4ee5\u7701\u7565\u4e0d\u5199",
      "optionC": "mode\u4e3a+<\u7684\u65f6\u5019\uff0c\u53ea\u53ef\u4ee5\u8bfb\u6587\u4ef6\uff0c\u4e0d\u80fd\u5199\u6587\u4ef6\uff08\u65e2\u53ef\u4ee5\u8bfb\u4e5f\u53ef\u4ee5\u5199\uff09",
      "optionAnswer": "C",
      "answer": " ",
      "optionB": "mode\u53ef\u4ee5\u548cfile\u5199\u5728\u4e00\u8d77\uff0c\u4f8b\u5982\uff1aopen\uff08FILE, \u2018>file\u2019\uff09",
      "type": "1",
      "optionA": "FILE\u53ef\u4ee5\u7528\u53d8\u91cf$file\u6765\u4ee3\u66ff",
      "knowledge": "\u5c0f\u4f17\u8bed\u8a00",
      "question": "perl\u91cc\u9762\u58f0\u660e\uff1aopen\uff08FILE,mode\uff0cfile\uff09; \u64cd\u4f5c\u7684\u63cf\u8ff0\uff0c\u4e0b\u5217\u54ea\u9879\u4e0d\u6b63\u786e\uff1f",
      "title": "Alibaba-2010\u641c\u7d22\u7814\u53d1C++\u5de5\u7a0b\u5e08\u7b14\u8bd5\u5377"
    },
    {
      "ID": "55fa696ce4b043d0caf26eec",
      "typeID": "55dd5e2360b258078b9e4458",
      "optionD": "10",
      "optionC": "9",
      "optionAnswer": "D",
      "answer": " ",
      "optionB": "8",
      "type": "1",
      "optionA": "7",
      "knowledge": "\u961f\u5217/\u64cd\u4f5c\u7cfb\u7edf",
      "question": "\u6709\u4e00\u4e2a\u865a\u62df\u5b58\u50a8\u7cfb\u7edf\uff0c\u82e5\u8fdb\u7a0b\u5728\u5185\u5b58\u4e2d\u53603\u9875\uff08\u5f00\u59cb\u65f6\u5185\u5b58\u4e3a\u7a7a\uff09\uff0c\u82e5\u91c7\u7528\u5148\u8fdb\u5148\u51fa\uff08FIFO\uff09\u9875\u9762\u6dd8\u6c70\u7b97\u6cd5\uff0c\u5f53\u6267\u884c\u5982\u4e0b\u8bbf\u95ee\u9875\u53f7\u5e8f\u5217\u540e1\uff0c2\uff0c3\uff0c4\uff0c5, 1\uff0c2\uff0c5\uff0c1\uff0c2\uff0c3\uff0c4\uff0c5\uff0c\u4f1a\u53d1\u751f\u591a\u5c11\u7f3a\u9875\uff1f",
      "title": "Alibaba-2010\u641c\u7d22\u7814\u53d1C++\u5de5\u7a0b\u5e08\u7b14\u8bd5\u5377"
    },
    {
      "ID": "55fa696ce4b043d0caf26eed",
      "typeID": "55dd5e2360b258078b9e4458",
      "optionD": "5",
      "optionC": "4",
      "optionAnswer": "B",
      "answer": " ",
      "optionB": "3",
      "type": "1",
      "optionA": "2",
      "knowledge": "\u6808",
      "question": "\u8bbe\u6709\u4e00\u4e2a\u987a\u5e8f\u6808S\uff0c\u5143\u7d20s1\u3001s2\u3001s3\u3001s4\u3001s5\u3001s6\u4f9d\u6b21\u8fdb\u6808\uff0c\u5982\u679c6\u4e2a\u5143\u7d20\u7684\u51fa\u6808\u987a\u5e8f\u4e3as2\u3001s3\u3001s4\u3001s6\u3001s5\u3001s1\uff0c\u5219\u987a\u5e8f\u6808\u7684\u5bb9\u91cf\u81f3\u5c11\u5e94\u4e3a\u591a\u5c11\uff1f",
      "title": "Alibaba-2010\u641c\u7d22\u7814\u53d1C++\u5de5\u7a0b\u5e08\u7b14\u8bd5\u5377"
    },
    {
      "ID": "55fa696ce4b043d0caf26eee",
      "typeID": "55dd5e2360b258078b9e4458",
      "optionD": "\u7d22\u5f15\u7ed3\u6784\u7684\u7f3a\u70b9\u662f\u5b58\u50a8\u5f00\u9500\u5927",
      "optionC": "\u7d22\u5f15\u7ed3\u6784\u7684\u4f18\u70b9\u662f\u8bbf\u95ee\u901f\u5ea6\u5feb\uff0c\u6587\u4ef6\u957f\u5ea6\u53ef\u4ee5\u52a8\u6001\u53d8\u5316",
      "optionAnswer": "A",
      "answer": " ",
      "optionB": "\u7cfb\u7edf\u4e3a\u6bcf\u4e2a\u6587\u4ef6\u5efa\u7acb\u4e00\u5f20\u7d22\u5f15\u8868",
      "type": "1",
      "optionA": "\u91c7\u7528\u7d22\u5f15\u7ed3\u6784\uff0c\u903b\u8f91\u4e0a\u8fde\u7eed\u7684\u6587\u4ef6\u5b58\u653e\u5728\u8fde\u7eed\u7684\u7269\u7406\u5757\u4e2d",
      "knowledge": "\u64cd\u4f5c\u7cfb\u7edf",
      "question": "\u4e0b\u5217\u5173\u4e8e\u6587\u4ef6\u7d22\u5f15\u7ed3\u6784\u7684\u53d9\u8ff0\u4e2d\uff0c\u54ea\u4e00\u4e2a\u662f\u9519\u8bef\u7684\uff1f",
      "title": "Alibaba-2010\u641c\u7d22\u7814\u53d1C++\u5de5\u7a0b\u5e08\u7b14\u8bd5\u5377"
    },
    {
      "ID": "55fa696ce4b043d0caf26eef",
      "typeID": "55dd5e2360b258078b9e4458",
      "optionD": "TRIE\u6811\uff0c\u5bfb\u627e\u5b50\u8282\u70b9\u5f00\u9500\uff1a1\u6b21\u8fd0\u7b97/\u6bcf\u5b57\u7b26",
      "optionC": "\u94fe\u8868\uff0c\u6bd4\u8f83\u51fd\u6570\u5f00\u9500\uff1a1\u6b21\u8fd0\u7b97/\u6bcf\u5b57\u7b26",
      "optionAnswer": "D",
      "answer": " ",
      "optionB": "\u54c8\u5e0c\u8868\uff0chash\u7b97\u6cd5\u5f00\u9500\uff1a10\u6b21\u8fd0\u7b97/\u6bcf\u5b57\u7b26",
      "type": "1",
      "optionA": "\u4e8c\u53c9\u641c\u7d22\u6811\uff0c\u6bd4\u8f83\u51fd\u6570\u5f00\u9500\uff1a1\u6b21\u8fd0\u7b97/\u6bcf\u5b57\u7b26",
      "knowledge": "\u9ad8\u7ea7\u7b97\u6cd5/\u67e5\u627e",
      "question": "\u5728ASC\u7b97\u6cd5team\u65e5\u5e38\u5f00\u53d1\u4e2d\uff0c\u5e38\u5e38\u9762\u4e34\u4e00\u4e9b\u6570\u636e\u7ed3\u6784\u7684\u6289\u62e9\uff0c\u4ee4\u4eba\u7ea0\u7ed3\u3002\u76ee\u524d\u5927\u5bb6\u5728\u7b56\u5212\u4e00\u4e2aFBI\u9879\u76ee\uff08Fast Binary Indexing\uff09\uff0c\u5176\u4e2d\u7528\u5230\u7684\u8bcd\u6c47\u67096200\u6761\uff0c\u8bcd\u6c47\u957f\u5ea6\u572810-15\u4e4b\u95f4\uff0c\u8bcd\u6c47\u5b57\u7b26\u662f\u82f1\u6587\u5b57\u6bcd\uff0c\u533a\u5206\u5927\u5c0f\u5199\u3002\u8bf7\u5728\u4e0b\u9762\u51e0\u4e2a\u6570\u636e\u7ed3\u6784\u4e2d\u9009\u62e9\u4e00\u4e2a\u4f7f\u68c0\u7d22\u901f\u5ea6\u6700\u5feb\u7684\uff1a",
      "title": "Alibaba-2010\u641c\u7d22\u7814\u53d1C++\u5de5\u7a0b\u5e08\u7b14\u8bd5\u5377"
    },
    {
      "ID": "55fa696ce4b043d0caf26ef0",
      "typeID": "55dd5e2360b258078b9e4458",
      "optionD": "\u30101\u30012\u30015\u30014\u30013\u30019\u30017\u30018\u30016\u3011",
      "optionC": "\u30102\u30013\u30011\u30014\u30017\u30019\u30015\u30018\u30016\u3011",
      "optionAnswer": "D",
      "answer": " ",
      "optionB": "\u30101\u30012\u30015\u30014\u30013\u30019\u30018\u30016\u30017\u3011",
      "type": "1",
      "optionA": "\u30102\u30011\u30014\u30013\u30019\u30015\u30018\u30016\u30017\u3011",
      "knowledge": "\u6570\u7ec4/\u5806",
      "question": "\u30100\u30012\u30011\u30014\u30013\u30019\u30015\u30018\u30016\u30017\u3011\u662f\u4ee5\u6570\u7ec4\u5f62\u5f0f\u5b58\u50a8\u7684\u6700\u5c0f\u5806\uff0c\u5220\u9664\u5806\u9876\u5143\u7d200\u540e\u7684\u7ed3\u679c\u662f\uff08\uff09",
      "title": "Alibaba-2010\u641c\u7d22\u7814\u53d1C++\u5de5\u7a0b\u5e08\u7b14\u8bd5\u5377"
    },
    {
      "ID": "55fa696ce4b043d0caf26ef1",
      "typeID": "55dd5e2360b258078b9e4458",
      "optionD": "2^24",
      "optionC": "2^14",
      "optionAnswer": "B",
      "answer": " ",
      "optionB": "2^10",
      "type": "1",
      "optionA": "10",
      "knowledge": "\u64cd\u4f5c\u7cfb\u7edf",
      "question": "\u67d0\u9875\u5f0f\u5b58\u50a8\u7ba1\u7406\u7cfb\u7edf\u4e2d\uff0c\u5730\u5740\u5bc4\u5b58\u5668\u957f\u5ea6\u4e3a24\u4f4d\uff0c\u5176\u4e2d\u9875\u53f7\u536014\u4f4d\uff0c\u5219\u4e3b\u5b58\u7684\u5206\u5757\u5927\u5c0f\u662f\uff08\uff09\u5b57\u8282\u3002",
      "title": "Alibaba-2010\u641c\u7d22\u7814\u53d1C++\u5de5\u7a0b\u5e08\u7b14\u8bd5\u5377"
    },
    {
      "ID": "55fa696ce4b043d0caf26ef2",
      "typeID": "55dd5e2360b258078b9e4458",
      "optionD": "33",
      "optionC": "38",
      "optionAnswer": "A",
      "answer": " ",
      "optionB": "26",
      "type": "1",
      "optionA": "30",
      "knowledge": "\u667a\u529b\u9898/\u6570\u7ec4",
      "question": "\u5728\u4e00\u4e2a\u957f\u4e3a33\u5398\u7c73\u7684\u5149\u6ed1\u51f9\u8f68\u4e0a\uff0c\u5728\u7b2c3\u5398\u7c73\u3001\u7b2c6\u5398\u7c73\u3001\u7b2c19\u5398\u7c73\u3001\u7b2c22 \u5398\u7c73\u3001\u7b2c26\u5398\u7c73\u5904\u5404\u6709\u4e00\u4e2a\u94a2\u73e0\uff0c\u51f9\u8f68\u5f88\u7ec6\uff0c\u4e0d\u80fd\u540c\u65f6\u901a\u8fc7\u4e24\u4e2a\u94a2\u73e0\uff0c\u5f00\u59cb\u65f6\uff0c\u94a2\u73e0\u8fd0\u52a8\u65b9\u5411\u662f\u4efb\u610f\u7684\u3002\u4e24\u4e2a\u94a2\u73e0\u76f8\u649e\u540e\uff0c\u4ee5\u76f8\u540c\u901f\u5ea6\u53cd\u5411\u8fd0\u52a8\u3002\u5047\u8bbe\u6240\u6709\u94a2\u73e0\u521d \u59cb\u901f\u5ea6\u4e3a\u6bcf\u79d2\u8fd0\u52a81\u5398\u7c73\uff0c\u90a3\u4e48\u6240\u6709\u94a2\u73e0\u79bb\u5f00\u51f9\u8f68\u7684\u6700\u957f\u53ef\u80fd\u65f6\u95f4\u662f\uff08\uff09",
      "title": "Alibaba-2010\u641c\u7d22\u7814\u53d1C++\u5de5\u7a0b\u5e08\u7b14\u8bd5\u5377"
    },
    {
      "ID": "55fa696ce4b043d0caf26ef3",
      "typeID": "55dd5e2360b258078b9e4458",
      "optionD": "\u9009\u62e9\u6392\u5e8f",
      "optionC": "\u76f4\u63a5\u63d2\u5165\u6392\u5e8f",
      "optionAnswer": "D",
      "answer": " ",
      "optionB": "\u5f52\u5e76\u6392\u5e8f",
      "type": "1",
      "optionA": "Shell \u6392\u5e8f",
      "knowledge": "\u6392\u5e8f",
      "question": "\u5728\u6392\u5e8f\u65b9\u6cd5\u4e2d\uff0c\u5143\u7d20\u6bd4\u8f83\u6b21\u6570\u4e0e\u5143\u7d20\u7684\u521d\u59cb\u6392\u5217\u65e0\u5173\u7684\u662f\uff08\uff09",
      "title": "Alibaba-2010\u641c\u7d22\u7814\u53d1C++\u5de5\u7a0b\u5e08\u7b14\u8bd5\u5377"
    },
    {
      "ID": "55fa696ce4b043d0caf26ef4",
      "typeID": "55dd5e2360b258078b9e4458",
      "optionD": "\u4e0e\u7f16\u8bd1\u5668\u76f8\u5173",
      "optionC": "{0\uff0c\u4e0d\u786e\u5b9a}\uff0c{1\uff0c\u4e0d\u786e\u5b9a}",
      "optionAnswer": "B",
      "answer": " ",
      "optionB": "{0\uff0c0\uff0c0\uff0c0}\uff0c{1\uff0c0\uff0c0\uff0c0}",
      "type": "1",
      "optionA": "{0\uff0c0\uff0c0\uff0c0}\uff0c{1\uff0c1\uff0c1\uff0c1}",
      "knowledge": "C/C++/\u6570\u7ec4",
      "question": "\u7ed9\u5b9a\u5982\u4e0b\u4ee3\u7801\uff1a int x[4]={0}; int y[4]={1}; \u6570\u7ec4x\u548cy\u7684\u503c\u4e3a\uff08\uff09",
      "title": "Alibaba-2010\u641c\u7d22\u7814\u53d1C++\u5de5\u7a0b\u5e08\u7b14\u8bd5\u5377"
    },
    {
      "ID": "55fa696ce4b043d0caf26ef5",
      "typeID": "55dd5e2360b258078b9e4458",
      "optionD": "18",
      "optionC": "12",
      "optionAnswer": "D",
      "answer": " ",
      "optionB": "10",
      "type": "1",
      "optionA": "9",
      "knowledge": "\u7f16\u7a0b\u57fa\u7840",
      "question": "\u5047\u8bbe\u5728n\u8fdb\u5236\u4e0b\uff0c\u4e0b\u9762\u7684\u7b49\u5f0f\u6210\u7acb\uff0cn\u503c\u662f\uff08\uff09 567*456=150216",
      "title": "Alibaba-2010\u641c\u7d22\u7814\u53d1C++\u5de5\u7a0b\u5e08\u7b14\u8bd5\u5377"
    },
    {
      "ID": "55fa696ce4b043d0caf26ef6",
      "typeID": "55dd5e2360b258078b9e4458",
      "optionD": "*(*F)(int, int)(int)",
      "optionC": "int (*(*F)(int, int))",
      "optionAnswer": "A",
      "answer": " ",
      "optionB": "int (*F)(int, int)",
      "type": "1",
      "optionA": "int (*(*F)(int, int))(int)",
      "knowledge": "C/C++",
      "question": "\u5b9a\u4e49\u4e00\u4e2a\u51fd\u6570\u6307\u9488\uff0c\u6307\u5411\u7684\u51fd\u6570\u6709\u4e24\u4e2aint\u5f62\u53c2\u5e76\u4e14\u8fd4\u56de\u4e00\u4e2a\u51fd\u6570\u6307\u9488\uff0c\u8fd4\u56de\u7684\u6307\u9488\u6307\u5411\u4e00\u4e2a\u6709\u4e00\u4e2aint\u5f62\u53c2\u4e14\u8fd4\u56deint\u7684\u51fd\u6570\uff1f",
      "title": "Alibaba-2010\u641c\u7d22\u7814\u53d1C++\u5de5\u7a0b\u5e08\u7b14\u8bd5\u5377"
    },
    {
      "ID": "55fa696ce4b043d0caf26ef7",
      "typeID": "55dd5e2360b258078b9e4458",
      "optionD": "int ((int *)[10])*p",
      "optionC": "int (*(*p)[10])(int *)",
      "optionAnswer": "C",
      "answer": " ",
      "optionB": "int [10]*p\uff08int *\uff09",
      "type": "1",
      "optionA": "\uff08int *p[10]\uff09\uff08int*\uff09",
      "knowledge": "C/C++/\u6570\u7ec4",
      "question": "\u58f0\u660e\u4e00\u4e2a\u6307\u5411\u542b\u670910\u4e2a\u5143\u7d20\u7684\u6570\u7ec4\u7684\u6307\u9488\uff0c\u5176\u4e2d\u6bcf\u4e2a\u5143\u7d20\u662f\u4e00\u4e2a\u51fd\u6570\u6307\u9488\uff0c\u8be5\u51fd\u6570\u7684\u8fd4\u56de\u503c\u662fint\uff0c\u53c2\u6570\u662fint*\uff0c\u6b63\u786e\u7684\u662f\uff08\uff09",
      "title": "Alibaba-2010\u641c\u7d22\u7814\u53d1C++\u5de5\u7a0b\u5e08\u7b14\u8bd5\u5377"
    },
    {
      "ID": "55fa696ce4b043d0caf26ef8",
      "typeID": "55dd5e2360b258078b9e4458",
      "optionD": "n-i",
      "optionC": "i",
      "optionAnswer": "B",
      "answer": " ",
      "optionB": "n-i+1",
      "type": "1",
      "optionA": "\u4e0d\u786e\u5b9a",
      "knowledge": "\u6808/\u6570\u7ec4",
      "question": "\u4e00\u4e2a\u6808\u7684\u8f93\u5165\u5e8f\u5217\u4e3a123\u3001\u3001\u3001\u3001\u3001n\uff0c\u82e5\u8f93\u51fa\u5e8f\u5217\u7684\u7b2c\u4e00\u4e2a\u5143\u7d20\u662fn\uff0c\u8f93\u51fa\u7b2ci\uff081<=i<=n\uff09\u4e2a\u5143\u7d20\u662f\uff08\uff09",
      "title": "Alibaba-2010\u641c\u7d22\u7814\u53d1C++\u5de5\u7a0b\u5e08\u7b14\u8bd5\u5377"
    },
    {
      "ID": "55fa696ce4b043d0caf26ef9",
      "typeID": "55dd5e2360b258078b9e4458",
      "optionD": "stack",
      "optionC": "deque",
      "optionAnswer": "B",
      "answer": " ",
      "optionB": "list",
      "type": "1",
      "optionA": "vector",
      "knowledge": "C/C++/\u961f\u5217/\u6808/\u6570\u7ec4/\u94fe\u8868",
      "question": "\u5f53\u5f88\u9891\u7e41\u5730\u5bf9\u5e8f\u5217\u4e2d\u90e8\u8fdb\u884c\u63d2\u5165\u548c\u5220\u9664\u64cd\u4f5c\u65f6\uff0c\u5e94\u8be5\u9009\u62e9\u4f7f\u7528\u7684\u5bb9\u5668\u662f\uff08\uff09",
      "title": "Alibaba-2010\u641c\u7d22\u7814\u53d1C++\u5de5\u7a0b\u5e08\u7b14\u8bd5\u5377"
    },
    {
      "ID": "55fa696ce4b043d0caf26efa",
      "typeID": "55dd5e2360b258078b9e4458",
      "optionD": "\u54c8\u5e0c\u8868\u8f85\u52a9",
      "optionC": "\u8def\u5f84\u8bb0\u5f55",
      "optionAnswer": "B",
      "answer": " ",
      "optionB": "\u5feb\u6162\u6307\u9488",
      "type": "1",
      "optionA": "\u4e24\u91cd\u904d\u5386",
      "knowledge": "\u94fe\u8868",
      "question": "\u5224\u65ad\u4e00\u4e2a\u5355\u5411\u94fe\u8868\u4e2d\u662f\u5426\u5b58\u5728\u73af\u7684\u6700\u4f73\u65b9\u6cd5\u662f\uff08\uff09",
      "title": "Alibaba-2010\u641c\u7d22\u7814\u53d1C++\u5de5\u7a0b\u5e08\u7b14\u8bd5\u5377"
    },
    {
      "ID": "55fa696ce4b043d0caf26efb",
      "typeID": "55dd5e2360b258078b9e4458",
      "optionD": "==",
      "optionC": "*\uff08\u524d\u7f6e\uff09",
      "optionAnswer": "",
      "answer": " ",
      "optionB": ">>",
      "type": "1",
      "optionA": "++",
      "knowledge": "C/C++",
      "question": "std::vector::iterator\u91cd\u8f7d\u4e86\u4e0b\u9762\u54ea\u4e9b\u8fd0\u7b97\u7b26\uff1f",
      "title": "Alibaba-2010\u641c\u7d22\u7814\u53d1C++\u5de5\u7a0b\u5e08\u7b14\u8bd5\u5377"
    }
  ]
}