{
  "success": 1,
  "total": 2100,
  "result": [
    {
      "ID": "55fa696de4b043d0caf26f3e",
      "typeID": "55dd5e2360b258078b9e4458",
      "optionD": "\u5faa\u73af\u961f\u5217\u4e2d\u5143\u7d20\u7684\u4e2a\u6570\u662f\u6709\u961f\u5934\u6307\u9488\u548c\u961f\u5c3e\u6307\u9488\u5171\u540c\u51b3\u5b9a",
      "optionC": "\u5728\u5faa\u73af\u961f\u5217\u4e2d\uff0c\u53ea\u9700\u8981\u961f\u5c3e\u6307\u9488\u5c31\u80fd\u53cd\u6620\u961f\u5217\u4e2d\u5143\u7d20\u7684\u52a8\u6001\u53d8\u5316\u60c5\u51b5",
      "optionAnswer": "D",
      "answer": "\u961f\u5217(Queue)\u4e5f\u662f\u4e00\u79cd\u8fd0\u7b97\u53d7\u9650\u7684\u7ebf\u6027\u8868\u3002\u5b83\u53ea\u5141\u8bb8\u5728\u8868\u7684\u4e00\u7aef\u8fdb\u884c\u63d2\u5165\uff0c\u800c\u5728\u53e6\u4e00\u7aef\u8fdb\u884c\u5220\u9664\u3002\u5faa\u73af\u961f\u5217\u662f\u5c06\u987a\u5e8f\u961f\u5217\u9996\u5c3e\u76f8\u8fde\u5f62\u6210\u7684\uff0c\u968f\u7740\u63d2\u5165\u5143\u7d20\u6216\u5220\u9664\u5143\u7d20\u7684\u8fdb\u884c\uff0c\u5176\u961f\u5934\u6307\u9488\u53ca\u961f\u5c3e\u6307\u9488\u662f\u5728\u4e0d\u65ad\u53d8\u5316\u7684\uff0c\u6709\u65f6\u53ef\u80fd\u4f1a\u51fa\u73b0\u961f\u5934\u6307\u9488\u5927\u4e8e\u961f\u5c3e\u6307\u9488\u7684\u60c5\u51b5\uff0c\u4e5f\u53ef\u80fd\u662f\u961f\u5c3e\u6307\u9488\u5927\u4e8e\u961f\u5934\u6307\u9488\u3002",
      "optionB": "\u5728\u5faa\u73af\u961f\u5217\u4e2d\uff0c\u53ea\u9700\u8981\u961f\u5934\u6307\u9488\u5c31\u80fd\u53cd\u6620\u961f\u5217\u4e2d\u5143\u7d20\u7684\u52a8\u6001\u53d8\u5316\u60c5\u51b5",
      "type": "1",
      "optionA": "\u5faa\u73af\u961f\u5217\u6709\u961f\u5934\u548c\u961f\u5c3e\u4e24\u4e2a\u6307\u9488\uff0c\u56e0\u6b64\uff0c\u5faa\u73af\u961f\u5217\u662f\u975e\u7ebf\u6027\u7ed3\u6784",
      "knowledge": "\u94fe\u8868",
      "question": "\u4e0b\u5217\u53d9\u8ff0\u4e2d\u6b63\u786e\u7684\u662f\uff1f",
      "title": "Alibaba-2015\u5b9e\u4e60\u751f\u7b14\u8bd5\u771f\u9898"
    },
    {
      "ID": "55fa696de4b043d0caf26f3f",
      "typeID": "55dd5e2360b258078b9e4458",
      "optionD": "\u4ee5\u4e0a\u7686\u4e0d\u662f",
      "optionC": "SPARC",
      "optionAnswer": "D",
      "answer": " ",
      "optionB": "MIPS",
      "type": "1",
      "optionA": "ARM",
      "knowledge": "\u7f16\u8bd1\u548c\u4f53\u7cfb\u7ed3\u6784",
      "question": "\u4ee5\u4e0b\u6307\u4ee4\u96c6\u67b6\u6784\u5c5e\u4e8e\u590d\u6742\u6307\u4ee4\u96c6\u67b6\u6784\u7684\u662f\uff1f",
      "title": "Alibaba-2015\u5b9e\u4e60\u751f\u7b14\u8bd5\u771f\u9898"
    },
    {
      "ID": "55fa696de4b043d0caf26f40",
      "typeID": "55dd5e2360b258078b9e4458",
      "optionD": "6",
      "optionC": "5",
      "optionAnswer": "C",
      "answer": " ",
      "optionB": "4",
      "type": "1",
      "optionA": "3",
      "knowledge": "\u6808",
      "question": "\u8bbe\u6808S\u521d\u59cb\u72b6\u6001\u4e3a\u7a7a\u3002\u5143\u7d20a,b,c,d,e,f\u4f9d\u6b21\u901a\u8fc7\u6808S\uff0c\u82e5\u51fa\u6808\u7684\u987a\u5e8f\u4e3ac,f,e,d,b,a\uff0c\u5219\u6808S\u7684\u5bb9\u91cf\u81f3\u5c11\u5e94\u8be5\u4e3a\uff1f",
      "title": "Alibaba-2015\u5b9e\u4e60\u751f\u7b14\u8bd5\u771f\u9898"
    },
    {
      "ID": "55fa696de4b043d0caf26f41",
      "typeID": "55dd5e2360b258078b9e4458",
      "optionD": "\u4e58\u4ee510",
      "optionC": "\u4e58\u4ee52",
      "optionAnswer": "C",
      "answer": " ",
      "optionB": "\u9664\u4ee52",
      "type": "1",
      "optionA": "\u9664\u4ee510",
      "knowledge": "\u7f16\u7a0b\u57fa\u7840",
      "question": "\u5728\u4e8c\u8fdb\u5236\u6570\u636e\u4e2d\uff0c\u5c0f\u6570\u70b9\u5411\u53f3\u79fb\u4e00\u4f4d\uff0c\u5219\u6570\u636e",
      "title": "Alibaba-2015\u5b9e\u4e60\u751f\u7b14\u8bd5\u771f\u9898"
    },
    {
      "ID": "55fa696de4b043d0caf26f42",
      "typeID": "55dd5e2360b258078b9e4458",
      "optionD": "A\u6309\u5217\u5b58\uff0cB\u6309\u5217\u5b58\u3002",
      "optionC": "A\u6309\u5217\u5b58\uff0cB\u6309\u884c\u5b58\u3002",
      "optionAnswer": "A",
      "answer": " ",
      "optionB": "A\u6309\u884c\u5b58\uff0cB\u6309\u5217\u5b58\u3002",
      "type": "1",
      "optionA": "A\u6309\u884c\u5b58\uff0cB\u6309\u884c\u5b58\u3002",
      "knowledge": "\u6570\u7ec4 \u64cd\u4f5c\u7cfb\u7edf",
      "question": "\u6709\u4e24\u4e2aN*N\u7684\u77e9\u9635A\u548cB\uff0c\u60f3\u8981\u5728PC\u4e0a\u6309\u77e9\u9635\u4e58\u6cd5\u57fa\u672c\u7b97\u6cd5\u7f16\u7a0b\u5b9e\u73b0\u8ba1\u7b97A*B\u3002\u5047\u8bbeN\u8f83\u5927\uff0c\u672c\u673a\u5185\u5b58\u4e5f\u5f88\u5927\uff0c\u53ef\u4ee5\u5b58\u4e0bA\u3001B\u548c\u7ed3\u679c\u77e9\u9635\u3002\u90a3\u4e48\uff0c\u4e3a\u4e86\u8ba1\u7b97\u901f\u5ea6\uff0cA\u548cB\u5728\u5185\u5b58\u4e2d\u5e94\u8be5\u5982\u4f55\u5b58\u50a8\uff08\u6309\u884c\u5b58\u6307\u5148\u5b58\u50a8\u7b2c\u4e00\u884c\uff0c\u518d\u7b2c\u4e8c\u884c\uff0c\u76f4\u5230\u6700\u540e\u4e00\u884c\uff1b\u6309\u5217\u5b58\u6307\u5148\u5b58\u50a8\u7b2c\u4e00\u5217\uff0c\u518d\u7b2c\u4e8c\u5217\uff0c\u76f4\u5230\u6700\u540e\u4e00\u5217\uff09\uff1f",
      "title": "Alibaba-2015\u5b9e\u4e60\u751f\u7b14\u8bd5\u771f\u9898"
    },
    {
      "ID": "55fa696de4b043d0caf26f43",
      "typeID": "55dd5e2360b258078b9e4458",
      "optionD": "little_endian, 0 0 0x34 0x12",
      "optionC": "big_endian,0 0 0x12 0x34",
      "optionAnswer": "C",
      "answer": " ",
      "optionB": "little_endian,0x34 0x12 0 0",
      "type": "1",
      "optionA": "big_endian,0x12 0x34 0 0",
      "knowledge": "\u7f51\u7edc\u57fa\u7840",
      "question": "IP\u6570\u636e\u62a5\u5934\u91c7\u7528\uff08\uff09\u5b57\u8282\u5e8f\uff0c\u5728\u6b64\u5b57\u8282\u5e8f\u4e0b\u4ece\u4f4e\u5730\u5740\u5230\u9ad8\u5730\u57400x1234\u7684\u8868\u793a\u5f62\u5f0f\u4e3a \uff08\uff09 \u3002",
      "title": "Alibaba-2015\u5b9e\u4e60\u751f\u7b14\u8bd5\u771f\u9898"
    },
    {
      "ID": "55fa696de4b043d0caf26f44",
      "typeID": "55dd5e2360b258078b9e4458",
      "optionD": "sizeof(p->e) == 4",
      "optionC": "sizeof(p->a) == 1",
      "optionAnswer": "C",
      "answer": " ",
      "optionB": "sizeof(*p) == 24",
      "type": "1",
      "optionA": "sizeof(p) == 24",
      "knowledge": "C/C++/\u7f16\u8bd1\u548c\u4f53\u7cfb\u7ed3\u6784",
      "question": "struct T {    char a;    int *d;    int b;    int c:16;    double e;};T *p;\u572864\u4f4d\u7cfb\u7edf\u4ee5\u53ca64\u4f4d\u7f16\u8bd1\u5668\u4e0b\uff0c\u4ee5\u4e0b\u63cf\u8ff0\u6b63\u786e\u7684\u662f",
      "title": "Alibaba-2015\u5b9e\u4e60\u751f\u7b14\u8bd5\u771f\u9898"
    },
    {
      "ID": "55fa696de4b043d0caf26f45",
      "typeID": "55dd5e2360b258078b9e4458",
      "optionD": "\u63d2\u5165\u6392\u5e8f",
      "optionC": "\u5192\u6ce1\u6392\u5e8f",
      "optionAnswer": "B",
      "answer": " ",
      "optionB": "\u5feb\u901f\u6392\u5e8f",
      "type": "1",
      "optionA": "Shell\u6392\u5e8f",
      "knowledge": "\u6392\u5e8f/\u590d\u6742\u5ea6",
      "question": "\u5e73\u5747\u901f\u5ea6\u6700\u5feb\u7684\u6392\u5e8f\u7b97\u6cd5\u662f\uff1f",
      "title": "Alibaba-2015\u5b9e\u4e60\u751f\u7b14\u8bd5\u771f\u9898"
    },
    {
      "ID": "55fa696de4b043d0caf26f46",
      "typeID": "55dd5e2360b258078b9e4458",
      "optionD": "O(2)",
      "optionC": "O(1)",
      "optionAnswer": "B",
      "answer": " ",
      "optionB": "O(N)",
      "type": "1",
      "optionA": "O(N*logN)",
      "knowledge": "\u590d\u6742\u5ea6",
      "question": "\u5728N\u4e2a\u4e71\u5e8f\u6570\u5b57\u4e2d\u67e5\u627e\u7b2ck\u5927\u7684\u6570\u5b57\uff0c\u65f6\u95f4\u590d\u6742\u5ea6\u53ef\u4ee5\u51cf\u5c0f\u81f3",
      "title": "Alibaba-2015\u5b9e\u4e60\u751f\u7b14\u8bd5\u771f\u9898"
    },
    {
      "ID": "55fa696de4b043d0caf26f47",
      "typeID": "55dd5e2360b258078b9e4458",
      "optionD": "\u53cd\u5bf9\u79f0\u6027",
      "optionC": "\u5bf9\u79f0\u6027",
      "optionAnswer": "D",
      "answer": " ",
      "optionB": "\u4f20\u9012\u6027",
      "type": "1",
      "optionA": "\u81ea\u53cd\u6027",
      "knowledge": "\u7ec4\u5408\u6570\u5b66",
      "question": "\u8bbe\u96c6\u5408A={1,2,3},A\u4e0a\u7684\u5173\u7cfbR\uff1d{(1,1),(2,2),(2,3),(3,2),(3,3)}\uff0c\u5219R\u4e0d\u5177\u5907 ()?",
      "title": "Alibaba-2015\u5b9e\u4e60\u751f\u7b14\u8bd5\u771f\u9898"
    },
    {
      "ID": "55fa696de4b043d0caf26f48",
      "typeID": "55dd5e2360b258078b9e4458",
      "optionD": "1.1001",
      "optionC": "101.111",
      "optionAnswer": "D",
      "answer": " ",
      "optionB": "0.001",
      "type": "1",
      "optionA": "101.1001",
      "knowledge": "\u7f16\u7a0b\u57fa\u7840",
      "question": "\u5c0f\u6570\u503c1.5625\u7684\u4e8c\u8fdb\u5236\u8868\u793a\u662f",
      "title": "Alibaba-2015\u5b9e\u4e60\u751f\u7b14\u8bd5\u771f\u9898"
    },
    {
      "ID": "55fa696de4b043d0caf26f49",
      "typeID": "55dd5e2360b258078b9e4458",
      "optionD": "CAS\uff08Compare-and-Swap\uff09\uff0c\u5982\u65e0\u9501\u6808\uff0c\u65e0\u9501\u961f\u5217\u7b49\u5f85",
      "optionC": "RCU\uff08Read-Copy-Update\uff09\uff0c\u65b0\u65e7\u526f\u672c\u5207\u6362\u673a\u5236\uff0c\u5bf9\u4e8e\u65e7\u526f\u672c\u53ef\u4ee5\u91c7\u7528\u5ef6\u8fdf\u91ca\u653e\u7684\u505a\u6cd5",
      "optionAnswer": "D",
      "answer": " ",
      "optionB": "\u53ea\u6709\u4e00\u4e2a\u751f\u4ea7\u8005\u548c\u4e00\u4e2a\u6d88\u8d39\u8005\uff0c\u90a3\u4e48\u5c31\u53ef\u4ee5\u505a\u5230\u514d\u9501\u8bbf\u95ee\u73af\u5f62\u7f13\u51b2\u533a\uff08Ring Buffer\uff09",
      "type": "1",
      "optionA": "\u9488\u5bf9\u8ba1\u6570\u5668\uff0c\u53ef\u4ee5\u4f7f\u7528\u539f\u5b50\u52a0",
      "knowledge": "\u5e76\u53d1",
      "question": "\u65e0\u9501\u5316\u7f16\u7a0b\u6709\u54ea\u4e9b\u5e38\u89c1\u65b9\u6cd5\uff1f",
      "title": "Alibaba-2015\u5b9e\u4e60\u751f\u7b14\u8bd5\u771f\u9898"
    },
    {
      "ID": "55fa696de4b043d0caf26f4a",
      "typeID": "55dd5e2360b258078b9e4458",
      "optionD": "1000",
      "optionC": "800",
      "optionAnswer": "D",
      "answer": " ",
      "optionB": "700",
      "type": "1",
      "optionA": "500",
      "knowledge": "\u7f51\u7edc\u57fa\u7840",
      "question": "\u4e3b\u673a\u7532\u548c\u4e3b\u673a\u4e59\u95f4\u5df2\u5efa\u7acb\u4e00\u4e2aTCP\u8fde\u63a5\uff0c\u4e3b\u673a\u7532\u5411\u4e3b\u673a\u4e59\u53d1\u9001\u4e86\u4e24\u4e2a\u8fde\u7eed\u7684TCP\u6bb5\uff0c\u5206\u522b\u5305\u542b300\u5b57\u8282\u548c500\u5b57\u8282\u7684\u6709\u6548\u8f7d\u8377\uff0c\u7b2c\u4e00\u4e2a\u6bb5\u7684\u5e8f\u5217\u53f7\u4e3a200\uff0c\u4e3b\u673a\u4e59\u6b63\u786e\u63a5\u6536\u5230\u4e24\u4e2a\u6bb5\u540e\uff0c\u53d1\u9001\u7ed9\u4e3b\u673a\u7532\u7684\u786e\u8ba4\u5e8f\u5217\u53f7\u662f",
      "title": "Alibaba-2015\u5b9e\u4e60\u751f\u7b14\u8bd5\u771f\u9898"
    },
    {
      "ID": "55fa696de4b043d0caf26f4b",
      "typeID": "55dd5e2360b258078b9e4458",
      "optionD": "\u5b9e\u73b0\u5f02\u6b65\u8bfb\u5199\u673a\u5236",
      "optionC": "\u6570\u636e\u9884\u53d6\u673a\u5236",
      "optionAnswer": "D",
      "answer": " ",
      "optionB": "\u4f18\u5316\u8c03\u5ea6\u7cfb\u7edf\uff0c\u5c3d\u91cf\u505a\u5230\u4efb\u52a1\u4e0e\u6570\u636e\u76f8\u8fd1\uff08Locality\uff09",
      "type": "1",
      "optionA": "\u7f51\u7edc\u4ece\u5343\u5146\u7f51\u5347\u7ea7\u4e3a\u4e07\u5146\u7f51",
      "knowledge": "\u7cfb\u7edf\u8bbe\u8ba1",
      "question": "\u4ee5\u4e0b\u63aa\u65bd\u4e2d\uff0c\u4e0d\u53ef\u80fd\u6539\u8fdb\u5206\u5e03\u5f0f\u7cfb\u7edf\u8bfb\u5199(IO)\u6027\u80fd\u7684\u6709____\u3002",
      "title": "Alibaba-2015\u5b9e\u4e60\u751f\u7b14\u8bd5\u771f\u9898"
    },
    {
      "ID": "55fa696de4b043d0caf26f4c",
      "typeID": "55dd5e2360b258078b9e4458",
      "optionD": "O(n 3/2)",
      "optionC": "O(n (log n)2)",
      "optionAnswer": "A",
      "answer": " ",
      "optionB": "O(n log n)",
      "type": "1",
      "optionA": "O(n)",
      "knowledge": "\u6570\u7ec4/\u6392\u5e8f/\u590d\u6742\u5ea6",
      "question": "\u5728\u4e00\u4e2a\u5143\u7d20\u4e2a\u6570\u4e3aN\u7684\u6570\u7ec4\u91cc\uff0c\u627e\u5230\u5347\u5e8f\u6392\u5728N/5\u4f4d\u7f6e\u7684\u5143\u7d20\u7684\u6700\u4f18\u7b97\u6cd5\u65f6\u95f4\u590d\u6742\u5ea6\u662f",
      "title": "Alibaba-2015\u5b9e\u4e60\u751f\u7b14\u8bd5\u771f\u9898"
    },
    {
      "ID": "55fa696de4b043d0caf26f4d",
      "typeID": "55dd5e2360b258078b9e4458",
      "optionD": "\u5806\u6392\u5e8f",
      "optionC": "\u5feb\u901f\u6392\u5e8f",
      "optionAnswer": "D",
      "answer": " ",
      "optionB": "\u5192\u6ce1\u6392\u5e8f",
      "type": "1",
      "optionA": "\u63d2\u5165\u6392\u5e8f",
      "knowledge": "\u6392\u5e8f/\u590d\u6742\u5ea6",
      "question": "\u5c06\u4e00\u4e2a\u4ece\u5927\u5230\u5c0f\u7684\u6570\u7ec4\uff0c\u7528\u4ee5\u4e0b\u6392\u5e8f\u65b9\u6cd5\u6392\u5e8f\u6210\u4ece\u5c0f\u5230\u5927\u7684\uff0c\uff08\uff09\u6700\u5feb\u3002",
      "title": "Alibaba-2015\u5b9e\u4e60\u751f\u7b14\u8bd5\u771f\u9898"
    },
    {
      "ID": "55fa696de4b043d0caf26f4e",
      "typeID": "55dd5e2360b258078b9e4458",
      "optionD": "80000",
      "optionC": "70000",
      "optionAnswer": "D",
      "answer": " ",
      "optionB": "60000",
      "type": "1",
      "optionA": "50000",
      "knowledge": "\u7cfb\u7edf\u8bbe\u8ba1",
      "question": "\u6709\u4e00\u53f0\u5e26\u4e00\u4e2a\u5343\u5146\u7f51\u5361\u7684\u670d\u52a1\u5668A\uff0c\u4f1a\u628a\u63a5\u6536\u5230\u7684\u6d88\u606f\u8f6c\u53d1\u7ed9\u53e6\u5916\u4e24\u53f0\u5e26\u4e00\u4e2a\u5343\u5146\u7f51\u5361\u7684\u670d\u52a1\u5668B\u548cC\uff0cB\u548cC\u4e0a\u9762\u7684\u4e00\u4e2a\u670d\u52a1\u8fdb\u7a0b\u5904\u7406\u4e00\u676110K\u5b57\u8282\u7684\u6d88\u606f\u9700\u89812\u6beb\u79d2\u3002\u5982\u679c\u5728B\u548cC\u4e0a\u9762\u5404\u8dd180\u4e2a\u670d\u52a1\u8fdb\u7a0b\uff0c\u5728\u4e0d\u8003\u8651CPU\u8d1f\u8f7d\u548c\u8fdb\u7a0b\u5207\u6362\u3001\u5185\u5b58\u5360\u7528\u3001\u4f20\u8f93\u635f\u8017\u548c\u4ea4\u4e92\u635f\u8017\u7684\u60c5\u51b5\u4e0b\uff0cB\u548cC\u670d\u52a1\u5668\u6bcf\u79d2\u4e00\u5171\u5927\u7ea6\u53ef\u4ee5\u5904\u7406______\u676110K\u5b57\u8282\u7684\u6d88\u606f\u3002",
      "title": "Alibaba-2015\u5b9e\u4e60\u751f\u7b14\u8bd5\u771f\u9898"
    },
    {
      "ID": "55fa696de4b043d0caf26f4f",
      "typeID": "55dd5e2360b258078b9e4458",
      "optionD": "54321",
      "optionC": "12345",
      "optionAnswer": "A",
      "answer": " ",
      "optionB": "42351",
      "type": "1",
      "optionA": "45231",
      "knowledge": "\u6811",
      "question": "\u67d0\u4e8c\u53c9\u6811\u7684\u5148\u5e8f\u904d\u5386\u662f12453\uff0c\u4e2d\u5e8f\u904d\u5386\u662f42513\uff0c\u90a3\u4e48\u5176\u540e\u7eed\u904d\u5386\u662f\uff1f",
      "title": "Alibaba-2015\u5b9e\u4e60\u751f\u7b14\u8bd5\u771f\u9898"
    },
    {
      "ID": "55fa696de4b043d0caf26f50",
      "typeID": "55dd5e2360b258078b9e4458",
      "optionD": "15",
      "optionC": "14",
      "optionAnswer": "B",
      "answer": " ",
      "optionB": "13",
      "type": "1",
      "optionA": "12",
      "knowledge": "\u6811",
      "question": "\u8bbe\u4e00\u68f5\u4e8c\u53c9\u6811\u4e2d\u67093\u4e2a\u53f6\u5b50\u8282\u70b9\uff0c\u67098\u4e2a\u5ea6\u4e3a1\u7684\u8282\u70b9\uff0c\u5219\u8be5\u4e8c\u53c9\u6811\u4e2d\u603b\u7684\u8282\u70b9\u6570\u4e3a\uff1f",
      "title": "Alibaba-2015\u5b9e\u4e60\u751f\u7b14\u8bd5\u771f\u9898"
    },
    {
      "ID": "55fa696de4b043d0caf26f51",
      "typeID": "55dd5e2360b258078b9e4458",
      "optionD": "36",
      "optionC": "35",
      "optionAnswer": "D",
      "answer": " ",
      "optionB": "34",
      "type": "1",
      "optionA": "33",
      "knowledge": "\u7ec4\u5408\u6570\u5b66",
      "question": "10\u4e2a\u76f8\u540c\u7684\u7cd6\u679c\uff0c\u5206\u7ed9\u4e09\u4e2a\u4eba\uff0c\u6bcf\u4e2a\u4eba\u81f3\u5c11\u8981\u5f97\u4e00\u4e2a\u3002\u6709()\u79cd\u4e0d\u540c\u5206\u6cd5",
      "title": "Alibaba-2015\u5b9e\u4e60\u751f\u7b14\u8bd5\u771f\u9898"
    },
    {
      "ID": "55fa696de4b043d0caf26f52",
      "typeID": "55dd5e2360b258078b9e4458",
      "optionD": "6",
      "optionC": "5",
      "optionAnswer": "D",
      "answer": " ",
      "optionB": "3",
      "type": "1",
      "optionA": "2",
      "knowledge": "C/C++/\u590d\u6742\u5ea6",
      "question": "\u5047\u5b9ax=500\uff0c\u6c42\u4e0b\u9762\u51fd\u6570\u7684\u8fd4\u56de\u503c______int fun(int x){    int countx = 0;    while (x)    {        countx++;        x = x & (x C 1);    }   return countx;\uff5d",
      "title": "Alibaba-2015\u5b9e\u4e60\u751f\u7b14\u8bd5\u771f\u9898"
    },
    {
      "ID": "55fa696de4b043d0caf26f53",
      "typeID": "55dd5e2360b258078b9e4458",
      "optionD": "\u5c06\u8fdb\u7a0b\u63a7\u5236\u5757\u94fe\u5165\u5c31\u7eea\u961f\u5217",
      "optionC": "\u4e3a\u8fdb\u7a0b\u5206\u914d\u5185\u5b58",
      "optionAnswer": "A",
      "answer": " ",
      "optionB": "\u5efa\u7acb\u4e00\u4e2a\u8fdb\u7a0b\u63a7\u5236\u5757",
      "type": "1",
      "optionA": "\u7531\u8c03\u5ea6\u7a0b\u5e8f\u4e3a\u8fdb\u7a0b\u5206\u914dCPU",
      "knowledge": "\u64cd\u4f5c\u7cfb\u7edf",
      "question": "\u4e0b\u9762\u6240\u8ff0\u6b65\u9aa4\u4e2d\uff0c\u4e0d\u662f\u521b\u5efa\u8fdb\u7a0b\u6240\u5fc5\u987b\u7684\u6b65\u9aa4\u662f\uff1f",
      "title": "Alibaba-2015\u5b9e\u4e60\u751f\u7b14\u8bd5\u771f\u9898"
    },
    {
      "ID": "55fa696de4b043d0caf26f54",
      "typeID": "55dd5e2360b258078b9e4458",
      "optionD": "1a",
      "optionC": "19",
      "optionAnswer": "D",
      "answer": " ",
      "optionB": "26",
      "type": "1",
      "optionA": "25",
      "knowledge": "C/C++",
      "question": "\u5df2\u6709\u53d8\u91cf\u5b9a\u4e49\u548c\u51fd\u6570\u8c03\u7528\u8bed\u53e5\uff0cint a=25;print_value(&a);\u5219\u4e0b\u9762\u51fd\u6570\u7684\u6b63\u786e\u8f93\u51fa\u7ed3\u679c\u662f______\u3002void print_value(int* x){    printf(\u201c%x\\n,++*x);}",
      "title": "Alibaba-2015\u5b9e\u4e60\u751f\u7b14\u8bd5\u771f\u9898"
    },
    {
      "ID": "55fa696de4b043d0caf26f55",
      "typeID": "55dd5e2360b258078b9e4458",
      "optionD": "k-\u4e2d\u5fc3\u70b9\u805a\u7c7b\u95ee\u9898",
      "optionC": "\u5c42\u6b21\u805a\u7c7b\u95ee\u9898",
      "optionAnswer": "B",
      "answer": " ",
      "optionB": "\u591a\u5206\u7c7b\u95ee\u9898",
      "type": "1",
      "optionA": "\u4e8c\u5206\u7c7b\u95ee\u9898",
      "knowledge": "\u673a\u5668\u5b66\u4e60",
      "question": "\u4e00\u76d1\u72f1\u4eba\u8138\u8bc6\u522b\u51c6\u5165\u7cfb\u7edf\u7528\u6765\u8bc6\u522b\u5f85\u8fdb\u5165\u4eba\u5458\u7684\u8eab\u4efd\uff0c\u6b64\u7cfb\u7edf\u4e00\u5171\u5305\u62ec\u8bc6\u522b4\u79cd\u4e0d\u540c\u7684\u4eba\u5458\uff1a\u72f1\u8b66\uff0c\u5c0f\u5077\uff0c\u9001\u9910\u5458\uff0c\u5176\u4ed6\u3002\u4e0b\u9762\u54ea\u79cd\u5b66\u4e60\u65b9\u6cd5\u6700\u9002\u5408\u6b64\u79cd\u5e94\u7528\u9700\u6c42\uff1a\uff08\uff09\u3002",
      "title": "Alibaba-2015\u5b9e\u4e60\u751f\u7b14\u8bd5\u771f\u9898"
    },
    {
      "ID": "55fa696de4b043d0caf26f56",
      "typeID": "55dd5e2360b258078b9e4458",
      "optionD": "ABCF",
      "optionC": "F",
      "optionAnswer": "D",
      "answer": " ",
      "optionB": "BCF",
      "type": "1",
      "optionA": "BCEF",
      "knowledge": "\u667a\u529b\u9898",
      "question": "\u67d0\u56e2\u961f\u8d1f\u8d23\u4eba\u63a5\u5230\u4e00\u4e2a\u7d27\u6025\u9879\u76ee\uff0c\u4ed6\u8981\u8003\u8651\u5728\u4ee3\u53f7\u4e3aABCDEF\u8fd96\u4e2a\u56e2\u961f\u6210\u5458\u4e2d\u7684\u90e8\u5206\u4eba\u5458\u53c2\u52a0\u9879\u76ee\u7684\u5f00\u53d1\u5de5\u4f5c\u3002\u4eba\u5458\u5fc5\u987b\u6ee1\u8db3\u4e0b\u5217\u5404\u70b9\uff1a1.AB\u4e24\u4eba\u4e2d\u81f3\u5c11\u4e00\u4eba\u53c2\u52a0\uff1b2.AD\u4e0d\u80fd\u90fd\u53bb\u53c2\u52a0\uff1b3.AEF\u4e09\u4eba\u4e2d\u8981\u6d3e\u4e24\u4eba\u53c2\u52a0\uff1b4.BC\u4e24\u4eba\u90fd\u53bb\u6216\u90fd\u4e0d\u53c2\u52a0\uff1b5.CD\u4e24\u4eba\u4e2d\u6709\u4e00\u4eba\u53c2\u52a0\uff1b6.\u82e5D\u4e0d\u53c2\u52a0\u5219E\u4e5f\u4e0d\u53c2\u52a0\uff1b\u90a3\u4e48\uff0c\u6700\u540e\uff08\uff09\u53c2\u52a0\u7d27\u6025\u9879\u76ee\u7684\u5f00\u53d1\u3002",
      "title": "Alibaba-2015\u5b9e\u4e60\u751f\u7b14\u8bd5\u771f\u9898"
    },
    {
      "ID": "55fa696de4b043d0caf26f57",
      "typeID": "55dd5e2360b258078b9e4458",
      "optionD": "y[3]=11",
      "optionC": "y[2]=11",
      "optionAnswer": "D",
      "answer": " ",
      "optionB": "y[1]=11",
      "type": "1",
      "optionA": "y[0]=11",
      "knowledge": "\u7f16\u7a0b\u57fa\u7840",
      "question": "\u5728\u5c0f\u7aef\u5e8f\u7684\u673a\u5668\u4e2d\uff0c\u5982\u679cunion X{    int x;    char y[4];};\u5982\u679cX a;a.x=0x11223344;//16\u8fdb\u5236,\u5219\uff1a\uff08\uff09",
      "title": "Alibaba-2015\u5b9e\u4e60\u751f\u7b14\u8bd5\u771f\u9898"
    },
    {
      "ID": "55fa696de4b043d0caf26f58",
      "typeID": "55dd5e2360b258078b9e4458",
      "optionD": "\u4eca\u5929H\u65e9\u4e0a\u9047\u5230\u5835\u8f66\u4e86",
      "optionC": "\u4eca\u5929H\u65e9\u4e0a\u7761\u8fc7\u5934\u4e86\u7684\u6982\u7387\u5927\u4e8e0.2",
      "optionAnswer": "C",
      "answer": " ",
      "optionB": "\u4eca\u5929H\u65e9\u4e0a\u7761\u8fc7\u5934\u7684\u6982\u7387\u4e3a0.2",
      "type": "1",
      "optionA": "\u4eca\u5929H\u65e9\u4e0a\u7761\u8fc7\u5934\u4e86",
      "knowledge": "\u6982\u7387\u7edf\u8ba1",
      "question": "H\u540c\u5b66\u6bcf\u5929\u4e58\u516c\u4ea4\u4e0a\u5b66\uff0c\u65e9\u4e0a\u7761\u8fc7\u5934\u6216\u9047\u5230\u5835\u8f66\u90fd\u4f1a\u8fdf\u5230\uff1bH\u65e9\u4e0a\u7761\u8fc7\u5934\u7684\u6982\u7387\u4e3a0.2\uff0c\u8def\u4e0a\u9047\u5230\u5835\u8f66\u7684\u6982\u7387\u4e3a0.5\uff1b\u82e5\u67d0\u5929\u65e9\u4e0aH\u8fdf\u5230\u4e86\uff0c\u90a3\u4e48\u4ee5\u4e0b\u63a8\u6d4b\u6b63\u786e\u7684\u6709\uff08\uff09\u3002",
      "title": "Alibaba-2015\u5b9e\u4e60\u751f\u7b14\u8bd5\u771f\u9898"
    },
    {
      "ID": "55fa696de4b043d0caf26f59",
      "typeID": "55dd5e2360b258078b9e4458",
      "optionD": "d",
      "optionC": "c",
      "optionAnswer": "B",
      "answer": " ",
      "optionB": "b",
      "type": "1",
      "optionA": "a",
      "knowledge": "C/C++",
      "question": " test.c\u6587\u4ef6\u4e2d\u5305\u62ec\u5982\u4e0b\u8bed\u53e5\uff1a#define INT_PTR int* typedef int*int_ptr;INT_PTR a,b;int_ptr c,d;\u6587\u4ef6\u4e2d\u5b9a\u4e49\u7684\u56db\u4e2a\u53d8\u91cf\uff0c\u54ea\u4e2a\u53d8\u91cf\u4e0d\u662f\u6307\u9488\u7c7b\u578b\uff1f",
      "title": "Alibaba-2015\u5b9e\u4e60\u751f\u7b14\u8bd5\u771f\u9898"
    },
    {
      "ID": "55fa696de4b043d0caf26f5a",
      "typeID": "55dd5e2360b258078b9e4458",
      "optionD": "6000",
      "optionC": "4000",
      "optionAnswer": "",
      "answer": " ",
      "optionB": "3000",
      "type": "1",
      "optionA": "2000",
      "knowledge": "\u667a\u529b\u9898",
      "question": "\u4f7f\u7528\u4e00\u8f86\u5361\u8f66\u8fd0\u8f93n\u5757\u5355\u57571TB\u88c5\u6ee1\u6570\u636e\u7684\u786c\u76d8\uff0c\u4ee5\u65f6\u901f80km/h\u884c\u9a761000km\u5c06\u6570\u636e\u8fd0\u9001\u5230\u76ee\u7684\u5730\uff1b\u5361\u8f66\u81f3\u5c11\u8fd0\u9001\uff08\uff09\u5757\u786c\u76d8\u624d\u80fd\u4f7f\u8fd0\u8f93\u901f\u7387\u8d851000Gbps",
      "title": "Alibaba-2015\u5b9e\u4e60\u751f\u7b14\u8bd5\u771f\u9898"
    },
    {
      "ID": "55fa696de4b043d0caf26f5b",
      "typeID": "55dd5e2360b258078b9e4458",
      "optionD": "mike mike",
      "optionC": "mike root",
      "optionAnswer": "A",
      "answer": " ",
      "optionB": "root rooy",
      "type": "1",
      "optionA": "root mike",
      "knowledge": "Linux",
      "question": "?Linux\u7cfb\u7edf\u4e2d\u67d0\u4e2a\u53ef\u6267\u884c\u6587\u4ef6\u5c5e\u4e8eroot\u5e76\u4e14\u6709setid\uff0c\u5f53\u4e00\u4e2a\u666e\u901a\u7528\u6237mike\u8fd0\u884c\u8fd9\u4e2a\u7a0b\u5e8f\u65f6\uff0c\u4ea7\u751f\u7684\u8fdb\u7a0b\u7684\u6709\u6548\u7528\u6237\u548c\u5b9e\u9645\u7528\u6237\u5206\u522b\u662f____\uff1f",
      "title": "Alibaba-2015\u5b9e\u4e60\u751f\u7b14\u8bd5\u771f\u9898"
    },
    {
      "ID": "55fa696de4b043d0caf26f5c",
      "typeID": "55dd5e2360b258078b9e4458",
      "optionD": "str1\u548cstr2\u5730\u5740\u76f8\u540c\uff0cP1\u548cP2\u5730\u5740\u4e0d\u540c",
      "optionC": "str1\u548cstr2\u5730\u5740\u4e0d\u540c\uff0cP1\u548cP2\u5730\u5740\u4e0d\u540c",
      "optionAnswer": "A",
      "answer": " ",
      "optionB": "str1\u548cstr2\u5730\u5740\u76f8\u540c\uff0cP1\u548cP2\u5730\u5740\u76f8\u540c",
      "type": "1",
      "optionA": "str1\u548cstr2\u5730\u5740\u4e0d\u540c\uff0cP1\u548cP2\u5730\u5740\u76f8\u540c",
      "knowledge": "C/C++",
      "question": "\u9488\u5bf9\u4ee5\u4e0b\u4ee3\u7801\uff0cconst char str1[] = \"abc\";const char str2[] = \"abc\";const char *p1 = \"abc\";const char *p2 = \"abc\";\u5224\u65ad\u4e0b\u5217\u8bf4\u6cd5\u54ea\u4e2a\u662f\u6b63\u786e\u7684\uff08\uff09",
      "title": "Alibaba-2015\u5b9e\u4e60\u751f\u7b14\u8bd5\u771f\u9898"
    },
    {
      "ID": "55fa696de4b043d0caf26f5d",
      "typeID": "55dd5e2360b258078b9e4458",
      "optionD": " 3/4",
      "optionC": " 1/3",
      "optionAnswer": "D",
      "answer": " ",
      "optionB": " 1/4",
      "type": "1",
      "optionA": " 1/6",
      "knowledge": "\u6982\u7387\u7edf\u8ba1",
      "question": "\u786c\u5e01\u6e38\u620f\uff1a\u8fde\u7eed\u6254\u786c\u5e01\uff0c\u76f4\u5230\u67d0\u4e00\u4eba\u83b7\u80dc\u3002A\u83b7\u80dc\u6761\u4ef6\u662f\u5148\u6b63\u540e\u53cd\uff0cB\u83b7\u80dc\u662f\u51fa\u73b0\u8fde\u7eed\u4e24\u6b21\u53cd\u9762\uff0c\u95eeAB\u6e38\u620f\u65f6A\u83b7\u80dc\u6982\u7387\u662f\uff08\uff09\uff1f",
      "title": "Alibaba-2015\u5b9e\u4e60\u751f\u7b14\u8bd5\u771f\u9898"
    },
    {
      "ID": "55fa696de4b043d0caf26f5e",
      "typeID": "55dd5e2360b258078b9e4458",
      "optionD": "2-3-5-4-6-7-9-1-8",
      "optionC": "5-4-2-1-3-7-6-9-8",
      "optionAnswer": "A",
      "answer": " ",
      "optionB": "1-2-6-5-4-3-8-7-9",
      "type": "1",
      "optionA": "3-2-8-7-6-9-5-4-1",
      "knowledge": "\u6811",
      "question": "\u5df2\u77e5\u67d0\u4e8c\u53c9\u6811\u7684\u524d\u5e8f\u4e3a\uff081-2-3-4-5-6-7-8-9\uff09\uff0c\u4e2d\u5e8f\u4e3a\uff082-3-1-6-7-8-5-9-4\uff09\uff0c\u5219\u5b83\u7684\u540e\u7eed\u4e3a\uff1f",
      "title": "Alibaba-2015\u5b9e\u4e60\u751f\u7b14\u8bd5\u771f\u9898"
    },
    {
      "ID": "55fa696de4b043d0caf26f5f",
      "typeID": "55dd5e2360b258078b9e4458",
      "optionD": "(m-r-f) mod m",
      "optionC": "(m-r+f) mod m",
      "optionAnswer": "A",
      "answer": " ",
      "optionB": "r-f",
      "type": "1",
      "optionA": "\uff08m+r-f\uff09mod m",
      "knowledge": "\u6570\u7ec4",
      "question": "\u6709\u4e00\u4e2a\u7528\u6570\u7ec4C[1..m]\u8868\u793a\u7684\u73af\u5f62\u961f\u5217\uff0cm\u4e3a\u6570\u7ec4\u7684\u957f\u5ea6\u3002\u5047\u8bbef\u4e3a\u961f\u5934\u5143\u7d20\u5728\u6570\u7ec4\u4e2d\u7684\u4f4d\u7f6e\uff0cr\u4e3a\u961f\u5c3e\u5143\u7d20\u7684\u540e\u4e00\u4f4d\u7f6e\uff08\u6309\u987a\u65f6\u9488\u65b9\u5411\uff09\u3002\u82e5\u961f\u5217\u975e\u7a7a\uff0c\u5219\u8ba1\u7b97\u961f\u5217\u4e2d\u5143\u7d20\u4e2a\u6570\u7684\u516c\u5f0f\u5e94\u4e3a\uff1f",
      "title": "Alibaba-2015\u5b9e\u4e60\u751f\u7b14\u8bd5\u771f\u9898"
    },
    {
      "ID": "55fa696de4b043d0caf26f60",
      "typeID": "55dd5e2360b258078b9e4458",
      "optionD": "70\uff0c65\uff0c100\uff0c32\uff0c50\uff0c60",
      "optionC": "65\uff0c100\uff0c70\uff0c32\uff0c50\uff0c60",
      "optionAnswer": "A",
      "answer": " ",
      "optionB": "60\uff0c70\uff0c65\uff0c50\uff0c32\uff0c100",
      "type": "1",
      "optionA": "100\uff0c60\uff0c70\uff0c50\uff0c32\uff0c65",
      "knowledge": "\u5806",
      "question": "\u4e0b\u5217\u5173\u952e\u5b57\u5e8f\u5217\u4e3a\u5806\u7684\u662f\uff08\uff09\uff1f",
      "title": "Alibaba-2015\u5b9e\u4e60\u751f\u7b14\u8bd5\u771f\u9898"
    },
    {
      "ID": "55fa696de4b043d0caf26f61",
      "typeID": "55dd5e2360b258078b9e4458",
      "optionD": "17.25",
      "optionC": "16.75",
      "optionAnswer": "B",
      "answer": " ",
      "optionB": "16.25",
      "type": "1",
      "optionA": "15.25",
      "knowledge": "\u64cd\u4f5c\u7cfb\u7edf",
      "question": "\u67094\u4e2a\u8fdb\u7a0bA,B,C,D,\u8bbe\u5b83\u4eec\u4f9d\u6b21\u8fdb\u5165\u5c31\u7eea\u961f\u5217\uff0c\u56e0\u76f8\u5dee\u65f6\u95f4\u5f88\u77ed\u53ef\u89c6\u4e3a\u540c\u65f6\u5230\u8fbe\u30024\u4e2a\u8fdb\u7a0b\u6309\u8f6e\u8f6c\u6cd5\u5206\u522b\u8fd0\u884c11,7,2,\u548c4\u4e2a\u65f6\u95f4\u5355\u4f4d\uff0c\u8bbe\u65f6\u95f4\u7247\u4e3a1\u3002\u56db\u4e2a\u8fdb\u7a0b\u7684\u5e73\u5747\u5468\u8f6c\u65f6\u95f4\u4e3a \uff08\uff09\uff1f",
      "title": "Alibaba-2015\u5b9e\u4e60\u751f\u7b14\u8bd5\u771f\u9898"
    },
    {
      "ID": "55fa696de4b043d0caf26f62",
      "typeID": "55dd5e2360b258078b9e4458",
      "optionD": "linux\u901a\u8fc7\u63d0\u4f9bsocket\u63a5\u53e3\u6765\u8fdb\u884c\u7f51\u7edc\u7f16\u7a0b",
      "optionC": "\u670d\u52a1\u7aef\u7f16\u7a0b\u4f1a\u8c03\u7528listen()\uff0c\u5ba2\u6237\u7aef\u4f1a\u8c03\u7528bind()",
      "optionAnswer": "C",
      "answer": "client\u7aef\u4e0d\u9700\u8981bind\uff1bTCP\u5efa\u7acb\u8fde\u63a5\u9700\u8981\u4e09\u6b21\u63e1\u624b \u65ad\u5f00\u8fde\u63a5\u9700\u8981\u56db\u6b21",
      "optionB": "\u4e3b\u52a8\u5173\u95ed\u7684\u4e00\u7aef\u4f1a\u51fa\u73b0TIME_WAIT\u72b6\u6001",
      "type": "1",
      "optionA": "UDP\u662f\u4e0d\u53ef\u9760\u670d\u52a1",
      "knowledge": "\u7f51\u7edc\u57fa\u7840",
      "question": "\u4e0b\u5217\u5173\u4e8e\u7f51\u7edc\u7f16\u7a0b\u9519\u8bef\u7684\u662f\uff1f",
      "title": "Alibaba-2015\u5b9e\u4e60\u751f\u7b14\u8bd5\u771f\u9898"
    }
  ]
}