{"success": 1, "total": 2100, "result": [{"ID": "55fa696ee4b043d0caf26f82", "typeID": "55dd5e2360b258078b9e4458", "optionD": "keydown", "optionC": "mouseout", "optionAnswer": "D", "answer": " ", "optionB": "contextmenu", "type": "1", "optionA": "click", "knowledge": "Javascript", "question": "\u4e0b\u5217\u4e8b\u4ef6\u54ea\u4e2a\u4e0d\u662f\u7531\u9f20\u6807\u89e6\u53d1\u7684\u4e8b\u4ef6\uff08\uff09", "title": "Alibaba-2016\u524d\u7aef\u5f00\u53d1\u5de5\u7a0b\u5e08\u7b14\u8bd5(\u4e00)"}, {"ID": "55fa696ee4b043d0caf26f83", "typeID": "55dd5e2360b258078b9e4458", "optionD": "\u5757\u7ea7\u5143\u7d20\u5b9e\u9645\u5360\u7528\u7684\u5bbd\u5ea6\u4e0e\u5b83\u7684 background \u5c5e\u6027\u6709\u5173\u3002", "optionC": "\u5757\u7ea7\u5143\u7d20\u5b9e\u9645\u5360\u7528\u7684\u5bbd\u5ea6\u4e0e\u5b83\u7684 padding \u5c5e\u6027\u6709\u5173\uff1b", "optionAnswer": "D", "answer": " ", "optionB": "\u5757\u7ea7\u5143\u7d20\u5b9e\u9645\u5360\u7528\u7684\u5bbd\u5ea6\u4e0e\u5b83\u7684 border \u5c5e\u6027\u6709\u5173\uff1b", "type": "1", "optionA": "\u5757\u7ea7\u5143\u7d20\u5b9e\u9645\u5360\u7528\u7684\u5bbd\u5ea6\u4e0e\u5b83\u7684 width \u5c5e\u6027\u6709\u5173\uff1b", "knowledge": "Javascript", "question": "\u4e0b\u9762\u5173\u4e8eCSS\u5e03\u5c40\u7684\u63cf\u8ff0\uff0c\u4e0d\u6b63\u786e\u7684\u662f\uff1f", "title": "Alibaba-2016\u524d\u7aef\u5f00\u53d1\u5de5\u7a0b\u5e08\u7b14\u8bd5(\u4e00)"}, {"ID": "55fa696ee4b043d0caf26f84", "typeID": "55dd5e2360b258078b9e4458", "optionD": "\u4f7f\u7528 <table> \u5143\u7d20\u5c55\u73b0\u5b66\u751f\u6210\u7ee9\u8868\u7b49\u6570\u636e\u3002", "optionC": "\u907f\u514d\u4f7f\u7528 <font> \u6807\u7b7e", "optionAnswer": "B", "answer": " ", "optionB": "\u5728 \u4e2d\u95f4\u63d2\u5165 HTML \u4ee3\u7801\uff1b", "type": "1", "optionA": "\u5728\u9875\u9762\u9876\u90e8\u6dfb\u52a0 doctype\u58f0\u660e\uff1b", "knowledge": "Javascript", "question": "\u4e0b\u9762\u6709\u5173html\u7684\u63cf\u8ff0\uff0c\u4e0d\u63a8\u8350\u7684\u662f\uff1f", "title": "Alibaba-2016\u524d\u7aef\u5f00\u53d1\u5de5\u7a0b\u5e08\u7b14\u8bd5(\u4e00)"}, {"ID": "55fa696ee4b043d0caf26f85", "typeID": "55dd5e2360b258078b9e4458", "optionD": "\u4f7f\u7528 POST", "optionC": "\u5199\u5165 Session", "optionAnswer": "D", "answer": " ", "optionB": "\u5199\u5165 COOKIE", "type": "1", "optionA": "\u5b58\u5165 IndexdDB", "knowledge": "HTML/CSS", "question": "\u6d4f\u89c8\u5668\u5728\u4e00\u6b21 HTTP \u8bf7\u6c42\u4e2d\uff0c\u9700\u8981\u4f20\u8f93\u4e00\u4e2a 4097 \u5b57\u8282\u7684\u6587\u672c\u6570\u636e\u7ed9\u670d\u52a1\u7aef\uff0c\u53ef\u4ee5\u91c7\u7528\u90a3\u4e9b\u65b9\u5f0f?", "title": "Alibaba-2016\u524d\u7aef\u5f00\u53d1\u5de5\u7a0b\u5e08\u7b14\u8bd5(\u4e00)"}, {"ID": "55fa696ee4b043d0caf26f86", "typeID": "55dd5e2360b258078b9e4458", "optionD": "float: left;", "optionC": "position: relative;", "optionAnswer": "C", "answer": " ", "optionB": "position: fixed;", "type": "1", "optionA": "position: absolute;", "knowledge": "HTML/CSS", "question": "\u4e0b\u9762\u54ea\u4e2a\u5c5e\u6027\u4e0d\u4f1a\u8ba9 div \u8131\u79bb\u6587\u6863\u6d41\uff08normal flow\uff09\uff1f", "title": "Alibaba-2016\u524d\u7aef\u5f00\u53d1\u5de5\u7a0b\u5e08\u7b14\u8bd5(\u4e00)"}, {"answer": " ", "ID": "55fa696ee4b043d0caf26f87", "typeID": "55dd5e2360b258078b9e4458", "type": "2", "knowledge": "", "question": "\u8bf7\u5b9e\u73b0\u4e00\u4e2afibonacci\u51fd\u6570\uff0c\u8981\u6c42\u5176\u53c2\u6570\u548c\u8fd4\u56de\u503c\u5982\u4e0b\u6240\u793a\uff1a\n\n/**\n *@desc: fibonacci\n *@param: count {Number}\n *@return: result {Number} \u7b2ccount\u4e2afibonacci\u503c\uff0c\u8ba1\u6570\u4ece0\u5f00\u59cb\n  fibonacci\u6570\u5217\u4e3a\uff1a[1, 1, 2, 3, 5, 8, 13, 21, 34 \u2026]\n  \u5219getNthFibonacci(0)\u8fd4\u56de\u503c\u4e3a1\n  \u5219getNthFibonacci(4)\u8fd4\u56de\u503c\u4e3a5\n */\nfunction getNthFibonacci(count) {\n}", "title": "Alibaba-2016\u524d\u7aef\u5f00\u53d1\u5de5\u7a0b\u5e08\u7b14\u8bd5(\u4e00)"}]}