{"success": 1, "total": 2100, "result": [{"ID": "55fa6682e4b043d0caf26eb9", "typeID": "55dd5e2360b258078b9e4458", "optionD": "1<4<3<2", "optionC": "4<1<3<2", "optionAnswer": "A", "answer": " ", "optionB": "1<4<2<3", "type": "1", "optionA": "4<1<2<3", "knowledge": "\u590d\u6742\u5ea6", "question": "\u5982\u679c\u628a\u4f20\u8f93\u901f\u7387\u5b9a\u4e49\u4e3a\u5355\u4f4d\u65f6\u95f4\u5185\u4f20\u9001\u7684\u4fe1\u606f\u91cf\uff08\u4ee5\u5b57\u8282\u8ba1\u7b97\uff09\u591a\u5c11\u3002\u5173\u4e8e\u4e00\u4e0b\u51e0\u79cd\u5178\u578b\u7684\u6570\u636e\u4f20\u8f93\u901f\u7387\uff1a\n1.\u4f7f\u7528USB2.0\u95ea\u5b58\u76d8\uff0c\u5f80USB\u95ea\u5b58\u76d8\u4e0a\u62f7\u8d1d\u6587\u4ef6\u7684\u6570\u636e\u4f20\u8f93\u901f\u7387\n2.\u4f7f\u7528100M\u4ee5\u592a\u7f51\uff0c\u5728\u5c40\u57df\u7f51\u5185\u62f7\u8d1d\u5927\u6587\u4ef6\u65f6\u7f51\u7edc\u4e0a\u7684\u6570\u636e\u4f20\u8f93\u901f\u7387\n3.\u4f7f\u7528\u4e00\u8f86\u5361\u8f66\u62c91000\u5757\u5355\u57571TB\u88c5\u6ee1\u6570\u636e\u7684\u786c\u76d8\uff0c\u4ee5100km/h\u7684\u901f\u5ea6\u4ece\u4e0a\u6d77\u5230\u5929\u6d25\uff08100km\uff09\u4e00\u8d9f\u6240\u7b49\u4ef7\u7684\u6570\u636e\u4f20\u8f93\u5e26\u5bbd\n4.\u4f7f\u7528\u7535\u8111\u64ad\u653eMP3\uff0c\u7535\u8111\u7684PCI\u603b\u7ebf\u5230\u58f0\u5361\u7684\u6570\u636e\u4f20\u8f93\u901f\u7387\n\u5728\u901a\u5e38\u60c5\u51b5\u4e0b\uff0c\u5173\u4e8e\u8fd9\u51e0\u4e2a\u4f20\u8f93\u901f\u7387\u7684\u6392\u5e8f\u6b63\u786e\u7684\u662f()", "title": "Google-2013\u7b14\u8bd5\u5377"}, {"ID": "55fa6682e4b043d0caf26eba", "typeID": "55dd5e2360b258078b9e4458", "optionD": "9/64", "optionC": "9/32", "optionAnswer": "C", "answer": " ", "optionB": "3\u670816\u65e5", "type": "1", "optionA": "3\u67088\u65e5", "knowledge": "\u6982\u7387\u7edf\u8ba1", "question": "\u5728\u533a\u95f4[-2, 2]\u91cc\u4efb\u53d6\u4e24\u4e2a\u5b9e\u6570\uff0c\u5b83\u4eec\u7684\u548c>1\u7684\u6982\u7387\u662f()", "title": "Google-2013\u7b14\u8bd5\u5377"}, {"ID": "55fa6682e4b043d0caf26ebb", "typeID": "55dd5e2360b258078b9e4458", "optionD": "4", "optionC": "3", "optionAnswer": "B", "answer": " ", "optionB": "2", "type": "1", "optionA": "1", "knowledge": "\u667a\u529b\u9898", "question": "\u5c0f\u7ec4\u8d5b\uff0c\u6bcf\u4e2a\u5c0f\u7ec4\u67095\u652f\u961f\u4f0d\uff0c\u4e92\u76f8\u4e4b\u95f4\u6253\u5355\u5faa\u73af\u8d5b\uff0c\u80dc\u4e00\u573a3\u5206\uff0c\u5e73\u4e00\u573a1\u5206\uff0c\u8f93\u4e00\u573a\u4e0d\u5f97\u5206\uff0c\u5c0f\u7ec4\u524d\u4e09\u540d\u51fa\u7ebf\u3002\u5e73\u5206\u62bd\u7b7e\u3002\u95ee\u4e00\u4e2a\u961f\u6700\u5c11\u62ff()\u5206\u5c31\u6709\u7406\u8bba\u4e0a\u7684\u51fa\u7ebf\u5e0c\u671b\uff1a", "title": "Google-2013\u7b14\u8bd5\u5377"}, {"ID": "55fa6682e4b043d0caf26ebc", "typeID": "55dd5e2360b258078b9e4458", "optionD": "24", "optionC": "18", "optionAnswer": "B", "answer": " ", "optionB": "14", "type": "1", "optionA": "12", "knowledge": "\u9ad8\u7ea7\u7b97\u6cd5/\u5b57\u7b26\u4e32", "question": "\u7528\u4e8c\u8fdb\u5236\u6765\u7f16\u7801\u5b57\u7b26\u4e32\u201cabcdabaa\u201d\uff0c\u9700\u8981\u80fd\u591f\u6839\u636e\u7f16\u7801\uff0c\u89e3\u7801\u56de\u539f\u6765\u7684\u5b57\u7b26\u4e32\uff0c\u6700\u5c11\u9700\u8981()\u957f\u7684\u4e8c\u8fdb\u5236\u5b57\u7b26\u4e32\uff1f", "title": "Google-2013\u7b14\u8bd5\u5377"}, {"ID": "55fa6682e4b043d0caf26ebd", "typeID": "55dd5e2360b258078b9e4458", "optionD": "36", "optionC": "35", "optionAnswer": "D", "answer": " ", "optionB": "34", "type": "1", "optionA": "33", "knowledge": "\u7ec4\u5408\u6570\u5b66", "question": "10\u4e2a\u76f8\u540c\u7684\u7cd6\u679c\uff0c\u5206\u7ed9\u4e09\u4e2a\u4eba\uff0c\u6bcf\u4e2a\u4eba\u81f3\u5c11\u8981\u5f97\u4e00\u4e2a\u3002\u6709()\u79cd\u4e0d\u540c\u5206\u6cd5", "title": "Google-2013\u7b14\u8bd5\u5377"}, {"ID": "55fa6682e4b043d0caf26ebe", "typeID": "55dd5e2360b258078b9e4458", "optionD": "3", "optionC": "4", "optionAnswer": "D", "answer": " ", "optionB": "16", "type": "1", "optionA": "2", "knowledge": "\u590d\u6742\u5ea6", "question": "\u4e0b\u5217\u7a0b\u5e8f\u6bb5\uff0c\u5faa\u73af\u4f53\u6267\u884c\u6b21\u6570\u662f()\uff1aint y = 2;\nwhile (y <= 8) {\n    y = y + y;\n}", "title": "Google-2013\u7b14\u8bd5\u5377"}, {"ID": "55fa6682e4b043d0caf26ebf", "typeID": "55dd5e2360b258078b9e4458", "optionD": "\u4ee5\u4e0a\u7686\u53ef", "optionC": "SHARED MEMORY", "optionAnswer": "D", "answer": " ", "optionB": "PIPE", "type": "1", "optionA": "Socket", "knowledge": "\u64cd\u4f5c\u7cfb\u7edf", "question": "\u4e0b\u9762\u54ea\u79cd\u673a\u5236\u53ef\u4ee5\u7528\u6765\u8fdb\u884c\u8fdb\u7a0b\u95f4\u901a\u4fe1()", "title": "Google-2013\u7b14\u8bd5\u5377"}, {"ID": "55fa6682e4b043d0caf26ec0", "typeID": "55dd5e2360b258078b9e4458", "optionD": "\u73b0\u4ee3\u4e3b\u6d41C/C++\u7f16\u8bd1\u5668\u53ef\u4ee5\u5bf9\u7b80\u5355\u7684\u5c0f\u51fd\u6570\u8fdb\u884c\u81ea\u52a8Iinline", "optionC": "\u5bc4\u5b58\u5668\u5206\u914d\u80fd\u591f\u89e3\u51b3\u7a0b\u5e8f\u4e2d\u7684\u6570\u636e\u4f9d\u8d56\u95ee\u9898", "optionAnswer": "D", "answer": " ", "optionB": "\u5faa\u73af\u5c55\u5f00\u5f97\u8d8a\u591a\u8d8a\u5f7b\u5e95\uff0c\u7a0b\u5e8f\u7684\u6027\u80fd\u8d8a\u597d", "type": "1", "optionA": "\u4f7f\u7528\u7f16\u8bd1\u5668\u7684\u4f18\u5316\u9009\u9879(\u5982-O3)\u540e\u7a0b\u5e8f\u6027\u80fd\u4e00\u5b9a\u4f1a\u83b7\u5f97\u63d0\u9ad8", "knowledge": "\u7f16\u8bd1\u548c\u4f53\u7cfb\u7ed3\u6784", "question": "\u4e0b\u5217\u5173\u4e8e\u7f16\u7a0b\u4f18\u5316\u7684\u8bf4\u6cd5\u6b63\u786e\u7684\u662f()\uff1a", "title": "Google-2013\u7b14\u8bd5\u5377"}, {"ID": "55fa6682e4b043d0caf26ec1", "typeID": "55dd5e2360b258078b9e4458", "optionD": "O(n^2)", "optionC": "O(n)", "optionAnswer": "B", "answer": " ", "optionB": "O(logn)", "type": "1", "optionA": "O(1)", "knowledge": "\u590d\u6742\u5ea6/\u9012\u5f52", "question": "\u4ee5\u4e0b\u7a0b\u5e8f\u662f\u7528\u6765\u8ba1\u7b97\u4e24\u4e2a\u975e\u8d1f\u6570\u4e4b\u95f4\u7684\u6700\u5927\u516c\u7ea6\u6570\uff1a\nlong long gcd(long long x, long long y) {\n    if (y == 0)\n        return x;\n    else\n        return gcd(y, x % y);\n}\n\u6211\u4eec\u5047\u8bbex,y\u4e2d\u6700\u5927\u7684\u90a3\u4e2a\u6570\u7684\u957f\u5ea6\u4e3an\uff0c\u57fa\u672c\u8fd0\u7b97\u65f6\u95f4\u590d\u6742\u5ea6\u4e3aO(1)\uff0c\u90a3\u4e48\u8be5\u7a0b\u5e8f\u7684\u65f6\u95f4\u590d\u6742\u5ea6\u4e3a()\uff1a", "title": "Google-2013\u7b14\u8bd5\u5377"}]}