{"success": 1, "total": 2100, "result": [{"ID": "55fa698de4b043d0caf27036", "typeID": "55dd5e2360b258078b9e4458", "optionD": "11", "optionC": "10", "optionAnswer": "B", "answer": "  ", "optionB": "9", "type": "1", "optionA": "8", "knowledge": "\u6570\u7ec4 \u67e5\u627e", "question": "\u5728\u4e00\u4e2a\u67098\u4e2aint\u6570\u636e\u7684\u6570\u7ec4\u4e2d\uff0c\u968f\u673a\u7ed9\u51fa\u6570\u7ec4\u7684\u6570\u636e\uff0c\u627e\u51fa\u6700\u5927\u548c\u7b2c\u4e8c\u5927\u5143\u7d20\u4e00\u5b9a\u9700\u8981\u8fdb\u884c\uff08\uff09\u6b21\u6bd4\u8f83\uff1a", "title": "other-\u521b\u65b0\u5de5\u573a2015\u6821\u62db\u7814\u53d1\u5728\u7ebf\u7b14\u8bd5\u9898"}, {"ID": "55fa698de4b043d0caf27037", "typeID": "55dd5e2360b258078b9e4458", "optionD": "\u4e8c\u7ef4\u8868", "optionC": "\u7ebf\u6027\u8868", "optionAnswer": "D", "answer": "  ", "optionB": "\u7f51\u7ed3\u6784", "type": "1", "optionA": "\u6811\u7ed3\u6784", "knowledge": "\u6570\u636e\u5e93", "question": "\u5728\u5173\u7cfb\u6570\u636e\u5e93\u4e2d\uff0c\u7528\u6765\u8868\u793a\u5b9e\u4f53\u4e4b\u95f4\u8054\u7cfb\u7684\u662f\uff08\uff09", "title": "other-\u521b\u65b0\u5de5\u573a2015\u6821\u62db\u7814\u53d1\u5728\u7ebf\u7b14\u8bd5\u9898"}, {"ID": "55fa698ee4b043d0caf27038", "typeID": "55dd5e2360b258078b9e4458", "optionD": "\u57fa\u6570\u6392\u5e8f", "optionC": "\u5f52\u5e76\u6392\u5e8f", "optionAnswer": "B", "answer": "  ", "optionB": "\u5192\u6ce1\u6392\u5e8f", "type": "1", "optionA": "\u5feb\u901f\u6392\u5e8f", "knowledge": "\u6392\u5e8f", "question": "\u5bf9\u4e8e\u57fa\u672c\u6709\u5e8f\u7684\u5e8f\u5217\uff0c\u6309\u7167\u90a3\u79cd\u6392\u5e8f\u65b9\u5f0f\u6700\u5feb\uff1a", "title": "other-\u521b\u65b0\u5de5\u573a2015\u6821\u62db\u7814\u53d1\u5728\u7ebf\u7b14\u8bd5\u9898"}, {"ID": "55fa698ee4b043d0caf27039", "typeID": "55dd5e2360b258078b9e4458", "optionD": "\u6587\u4ef6\u76ee\u5f55\u7684\u67e5\u627e", "optionC": "\u78c1\u76d8\u7a7a\u95f4\u7684\u7ba1\u7406", "optionAnswer": "C", "answer": "  ", "optionB": "\u6587\u4ef6\u7684\u4fdd\u62a4\u548c\u52a0\u5bc6", "type": "1", "optionA": "\u4e3b\u5b58\u7a7a\u95f4\u7684\u5171\u4eab", "knowledge": "\u64cd\u4f5c\u7cfb\u7edf", "question": "\u4f4d\u793a\u56fe\u7684\u7528\u5904\u4e3a\uff1a", "title": "other-\u521b\u65b0\u5de5\u573a2015\u6821\u62db\u7814\u53d1\u5728\u7ebf\u7b14\u8bd5\u9898"}, {"ID": "55fa698ee4b043d0caf2703a", "typeID": "55dd5e2360b258078b9e4458", "optionD": "13561", "optionC": "17979", "optionAnswer": "C", "answer": "  ", "optionB": "11503", "type": "1", "optionA": "18779", "knowledge": "\u7f16\u7a0b\u57fa\u7840", "question": "16\u8fdb\u5236\u6570\u503c31B6\u548c8\u8fdb\u5236\u6570\u503c73615\u7684\u5f02\u6216\u7ed3\u679c\u503c\uff0810\u8fdb\u5236\uff09\u4e3a\uff1a", "title": "other-\u521b\u65b0\u5de5\u573a2015\u6821\u62db\u7814\u53d1\u5728\u7ebf\u7b14\u8bd5\u9898"}, {"ID": "55fa698ee4b043d0caf2703b", "typeID": "55dd5e2360b258078b9e4458", "optionD": "13", "optionC": "12", "optionAnswer": "B", "answer": "  ", "optionB": "11", "type": "1", "optionA": "10", "knowledge": "\u6811", "question": "\u82e5\u4e00\u68f5\u4e8c\u53c9\u6811\u5177\u670910\u4e2a\u5ea6\u4e3a2\u7684\u7ed3\u70b9\uff0c5\u4e2a\u5ea6\u4e3a1\u7684\u7ed3\u70b9\uff0c\u5219\u5ea6\u4e3a0\u7684\u7ed3\u70b9\u4e2a\u6570\u662f\uff1a", "title": "other-\u521b\u65b0\u5de5\u573a2015\u6821\u62db\u7814\u53d1\u5728\u7ebf\u7b14\u8bd5\u9898"}, {"ID": "55fa698ee4b043d0caf2703c", "typeID": "55dd5e2360b258078b9e4458", "optionD": "\u7f51\u5173\u9519\u8bef", "optionC": "IP\u5730\u5740\u51b2\u7a81", "optionAnswer": "B", "answer": "  ", "optionB": "DNS\u95ee\u9898", "type": "1", "optionA": "\u7f51\u7ebf\u95ee\u9898", "knowledge": "\u7f51\u7edc\u57fa\u7840", "question": "\u4e0a\u7f51\u65f6\u5019\u53d1\u73b0\u7f51\u9875\u4e0d\u80fd\u8bbf\u95ee\uff0cQQ\u4f7f\u7528\u6b63\u5e38\uff0c\u51fa\u73b0\u6b64\u95ee\u9898\u53ef\u80fd\u7684\u539f\u56e0\u662f\uff1a", "title": "other-\u521b\u65b0\u5de5\u573a2015\u6821\u62db\u7814\u53d1\u5728\u7ebf\u7b14\u8bd5\u9898"}, {"ID": "55fa698ee4b043d0caf2703d", "typeID": "55dd5e2360b258078b9e4458", "optionD": "27", "optionC": "44", "optionAnswer": "C", "answer": "  ", "optionB": "37", "type": "1", "optionA": "23", "knowledge": "\u6811", "question": "\u7531\u6743\u503c\u4e3a9,2,7,5\u7684\u56db\u4e2a\u53f6\u5b50\u8282\u70b9\u6784\u9020\u4e00\u68f5\u54c8\u592b\u66fc\u6811\uff0c\u8be5\u6811\u7684\u5e26\u6743\u8def\u5f84\u957f\u5ea6\u4e3a\uff1a", "title": "other-\u521b\u65b0\u5de5\u573a2015\u6821\u62db\u7814\u53d1\u5728\u7ebf\u7b14\u8bd5\u9898"}, {"ID": "55fa698ee4b043d0caf2703e", "typeID": "55dd5e2360b258078b9e4458", "optionD": "p->next=s ; s->next=p;", "optionC": "s->next=p->next ; p=s;", "optionAnswer": "B", "answer": "  ", "optionB": "s->next=p->next; p->next=s;", "type": "1", "optionA": "s->next=p ; p->next=s ;", "knowledge": "\u94fe\u8868", "question": "\u5728\u4e00\u4e2a\u5355\u94fe\u8868\u4e2d\uff0c\u82e5p\u6240\u6307\u7ed3\u70b9\u4e0d\u662f\u6700\u540e\u7ed3\u70b9\uff0c\u5728p\u4e4b\u540e\u63d2\u5165s\u6240\u6307\u7ed3\u70b9\uff0c\u5219\u6267\u884c\uff1f", "title": "other-\u521b\u65b0\u5de5\u573a2015\u6821\u62db\u7814\u53d1\u5728\u7ebf\u7b14\u8bd5\u9898"}]}