{"success": 1, "total": 2100, "result": [{"ID": "55fa69d3e4b043d0caf27116", "typeID": "55dd5e2360b258078b9e4458", "optionD": "\u5806\u6392\u5e8f", "optionC": "\u5e0c\u5c14\u6392\u5e8f", "optionAnswer": "B", "answer": "  ", "optionB": "\u9009\u62e9\u6392\u5e8f", "type": "1", "optionA": "\u5f52\u5e76\u6392\u5e8f", "knowledge": "\u6392\u5e8f", "question": "\u4ee5\u4e0b\u6392\u5e8f\u4e2d\u65f6\u95f4\u590d\u6742\u5ea6\u6700\u5dee\u7684\u662f", "title": "RenRen-2015\u7814\u53d1\u7b14\u8bd5\u5377A"}, {"ID": "55fa69d3e4b043d0caf27117", "typeID": "55dd5e2360b258078b9e4458", "optionD": "7", "optionC": "6", "optionAnswer": "D", "answer": "  ", "optionB": "5", "type": "1", "optionA": "4", "knowledge": "C/C++", "question": "\u5f53\u53c2\u6570*x==1, *y==1, *z==1\u65f6\uff0c\u4e0b\u5217\u4e0d\u53ef\u80fd\u662f\u51fd\u6570add\u7684\u8fd4\u56de\u503c\u7684( )?\nint add(int *x, int *y, int *z){\n    *x += *x;\n    *y += *x;\n    *z += *y;\n    return *z;\n }\n", "title": "RenRen-2015\u7814\u53d1\u7b14\u8bd5\u5377A"}, {"ID": "55fa69d3e4b043d0caf27118", "typeID": "55dd5e2360b258078b9e4458", "optionD": "\u5f52\u5e76\u6392\u5e8f", "optionC": "\u5192\u6ce1\u6392\u5e8f", "optionAnswer": "B", "answer": "  ", "optionB": "\u63d2\u5165\u6392\u5e8f", "type": "1", "optionA": "\u5feb\u901f\u6392\u5e8f", "knowledge": "\u6392\u5e8f", "question": "\u4f53\u80b2\u8bfe\u7684\u94c3\u58f0\u54cd\u4e86\uff0c\u540c\u5b66\u4eec\u90fd\u9646\u7eed\u5730\u5954\u5411\u64cd\u573a\uff0c\u6309\u8001\u5e08\u7684\u8981\u6c42\u4ece\u9ad8\u5230\u77ee\u7ad9\u6210\u4e00\u6392\u3002\u6bcf\u4e2a\u540c\u5b66\u6309\u987a\u5e8f\u6765\u5230\u64cd\u573a\u65f6\uff0c\u90fd\u4ece\u6392\u5c3e\u8d70\u5411\u6392\u5934\uff0c\u627e\u5230\u7b2c\u4e00\u4e2a\u6bd4\u81ea\u5df1\u9ad8\u7684\u540c\u5b66\uff0c\u5e76\u7ad9\u5230\u4ed6\u7684\u540e\u9762\uff0c\u8fd9\u79cd\u7ad9\u961f\u7684\u65b9\u6cd5\u7c7b\u4f3c\u4e0b\u5217\u54ea\u79cd\u7b97\u6cd5\uff1f", "title": "RenRen-2015\u7814\u53d1\u7b14\u8bd5\u5377A"}, {"ID": "55fa69d3e4b043d0caf27119", "typeID": "55dd5e2360b258078b9e4458", "optionD": "\u901a\u8fc7inode\u5b9e\u73b0\u6587\u4ef6\u7684\u903b\u8f91\u7ed3\u6784\u548c\u7269\u7406\u7ed3\u6784\u7684\u8f6c\u6362", "optionC": "inode\u63cf\u8ff0\u4e86\u6587\u4ef6\u5927\u5c0f\u548c\u6307\u5411\u6570\u636e\u5757\u7684\u6307\u9488", "optionAnswer": "A", "answer": "  ", "optionB": "inode\u80fd\u63cf\u8ff0\u6587\u4ef6\u5360\u7528\u7684\u5757\u6570", "type": "1", "optionA": "inode\u548c\u6587\u4ef6\u662f\u4e00\u4e00\u5bf9\u5e94\u7684", "knowledge": "\u64cd\u4f5c\u7cfb\u7edf", "question": "\u4e0b\u9762\u5173\u4e8einode\u63cf\u8ff0\u9519\u8bef\u7684\u662f?", "title": "RenRen-2015\u7814\u53d1\u7b14\u8bd5\u5377A"}, {"ID": "55fa69d3e4b043d0caf2711a", "typeID": "55dd5e2360b258078b9e4458", "optionD": "EDCBA", "optionC": "EABCD", "optionAnswer": "C", "answer": "  ", "optionB": "BCDEA", "type": "1", "optionA": "ABCDE", "knowledge": "\u6808", "question": "\u8bbe\u6709\u4e00\u4e2a\u6808\uff0c\u5143\u7d20\u4f9d\u6b21\u8fdb\u6808\u7684\u987a\u5e8f\u662fA,B,C,D,E\u3002\u4e0b\u5217\u4e0d\u53ef\u80fd\u7684\u51fa\u6808\u987a\u5e8f\u6709?", "title": "RenRen-2015\u7814\u53d1\u7b14\u8bd5\u5377A"}, {"ID": "55fa69d3e4b043d0caf2711b", "typeID": "55dd5e2360b258078b9e4458", "optionD": "E\u3001G\u3001A\u3001C\u3001H\u3001D\u3001F\u3001B", "optionC": "E\u3001A\u3001G\u3001H\u3001C\u3001F\u3001B\u3001D", "optionAnswer": "B", "answer": "  ", "optionB": "E\u3001A\u3001H\u3001C\u3001G\u3001B\u3001D\u3001F", "type": "1", "optionA": "E\u3001G\u3001H\u3001F\u3001A\u3001C\u3001D\u3001B", "knowledge": "\u6811", "question": "\u67d0\u4e8c\u53c9\u6811\u7ed3\u70b9\u7684\u4e2d\u5e8f\u5e8f\u5217\u4e3aA\u3001B\u3001C\u3001D\u3001E\u3001F\u3001G\u3001H\uff0c\u540e\u5e8f\u5e8f\u5217\u4e3aB\u3001D\u3001C\u3001A\u3001F\u3001G\u3001H\u3001E\u3002\u8be5\u4e8c\u53c9\u6811\u5bf9\u5e94\u7684\u6811\u6797\u7ed3\u70b9\u7684\u5c42\u6b21\u6b21\u5e8f\u5e8f\u5217\u4e3a?", "title": "RenRen-2015\u7814\u53d1\u7b14\u8bd5\u5377A"}, {"ID": "55fa69d3e4b043d0caf2711c", "typeID": "55dd5e2360b258078b9e4458", "optionD": "\u4ebf\u7ea7", "optionC": "\u5343\u4e07\u7ea7", "optionAnswer": "C", "answer": "  ", "optionB": "\u767e\u4e07\u7ea7", "type": "1", "optionA": "\u5341\u4e07\u7ea7", "knowledge": "\u667a\u529b\u9898", "question": "\u5047\u8bbe\u5e73\u5747\u6bcf\u4e2a\u4eba\u4eba\u7528\u6237\u6709300\u4e2a\u597d\u53cb\uff0c\u5219\u4e00\u4e2a\u4eba\u4eba\u7528\u6237\u76843\u8df3\u597d\u53cb\u6570\u7684\u6570\u91cf\u7ea7\u662f?", "title": "RenRen-2015\u7814\u53d1\u7b14\u8bd5\u5377A"}, {"ID": "55fa69d3e4b043d0caf2711d", "typeID": "55dd5e2360b258078b9e4458", "optionD": "\u7cfb\u7edfIP\u5730\u5740\u6570\u91cf", "optionC": "\u7cfb\u7edf\u6700\u5927\u6587\u4ef6\u53e5\u67c4\u6570\u91cf", "optionAnswer": "B", "answer": "  ", "optionB": "\u7cfb\u7edf\u7f51\u5361\u6570\u91cf", "type": "1", "optionA": "\u7cfb\u7edf\u5185\u5b58\u5927\u5c0f", "knowledge": "Linux", "question": "\u4e0b\u5217\u54ea\u4e9b\u56e0\u7d20\u4e0d\u4f1a\u9650\u5236Linux\u670d\u52a1\u5668\u5e76\u53d1\u8fde\u63a5\u6570?", "title": "RenRen-2015\u7814\u53d1\u7b14\u8bd5\u5377A"}]}